iri,id
Pesindo,Q18497610,Pesindolo
Tiongkok,Q148,People's Republic of China
Indonesia,Q252,Indonesia
TNI,Q855515,Indonesian National Armed Forces
POLRI,Q3103954,Indonesian National Police
PBI,Q1432310,Palm Beach International Airport
FrontDemokrasiRakyat,Q4313262,People's Democratic Front
PSI,Q590750,Italian Socialist Party
PKI,Q7251487,protein kinase inhibitors
SOBSI,Q15261911,Sepsikt
SukuDayak,Q427838,Kadazan-Dusun
PemudaPancasila,Q29031997,Pemuda Pancasila: The Last Loyalist Free Men of Suharto's Order?
Australia,Q408,Australia
Benin,Q962,Benin
Meksiko,Q77448740,Meksiko
TimorLeste,Q574,East Timor
TimorLeste,Q574,East Timor
PasukanJihad,Q119399274,Pasukan Jihad
CNRM,Q2945935,CNRM
Malaysia,Q833,Malaysia
Mahidi,Q1884848,Mahidi
Brasil,Q155,Brazil
KekaisaranJepang,Q188712,Empire of Japan
Taiwan,Q865,Taiwan
Fiji,Q712,Fiji
Samoa,Q683,Samoa
Kuba,Q16561083,Jakub Zakrzewski
KNIL,Q523553,Royal Netherlands East Indies Army
BatalyonInfanteri711,Q17997554,Batalyon Infanteri 711
Brunei,Q921,Brunei
DarulIslam,Q2641601,Darul Islam
Aitarak,Q410319,Aitarak
Spanyol,Q107378129,Spanyol
PoldaSulawesiTengah,Q19727596,Central Sulawesi Regional Police
KodamWirabuana,Q12492033,Kodam XIV/Hasanuddin
PolresPoso,Q31174234,Poso Resort Police
LaskarJihad,Q6493565,Laskar Jihad
MujahidinKOMPAK,Q6933292,Mujahedeen KOMPAK
JemaahIslamiyah,Q506245,Jemaah Islamiyah
RepublikMalukuSelatan,Q1414395,Republic of South Maluku
RepublikPapuaBarat,Q2562456,Republic of West Papua
Polri,Q3103954,Indonesian National Police
Tionghoa,Q1945786,Chinese Indonesians
NuginiBelanda,Q941881,Netherlands New Guinea
PartaiKomunisIndonesia,Q157744,Communist Party of Indonesia
Italia,Q38,Italy
AngkatanPerangRatuAdil,Q2058624,Legion of the Just Ruler
Swedia,Q90654075,Swediaur (BLKÖ)
KoreaSelatan,Q884,South Korea
ABRI,Q18034170,ITM2B
PSTT,Q18296442,Fbxl21
UniSoviet,Q15180,Soviet Union
ArabSaudi,Q851,Saudi Arabia
UDT,Q7883853,Underwater Demolition Team
FRETILIN,Q935996,Revolutionary Front for an Independent East Timor
AmerikaSerikat,Q30,United States of America
APODETI,Q744214,Timorese Popular Democratic Association
Mozambik,Q1029,Mozambique
FALINTIL,Q1439335,Falintil
ImperiumBelanda,Q130654,Dutch colonial empire
KerajaanBelanda,Q29999,Kingdom of the Netherlands
BritaniaRaya,Q145,United Kingdom
HindiaBelanda,Q188161,Dutch East Indies
LibyanArabJamahiriya,Q4843701,Great Socialist People's Libyan Arab Jamahiriya
GerakanAcehMerdeka,Q852258,Free Aceh Movement
KepulauanSolomon,Q685,Solomon Islands
TentaraNasionalIndonesiaAngkatanDarat,Q2862927,Indonesian Army
Rusia,Q34266,Russian Empire
BIN,Q987767,physical container
Brimob,Q2388082,Mobile Brigade
MohammadJawad,Q112964494,Mohammad Jawad Kareem
UNTAET,Q332358,United Nations Transitional Administration in East Timor
Kanada,Q29049,Kanada
PDRI,Q107501110,PDRI Rates Among CAPD Patients at a Tertiary University Hospital: A 5-Year Retrospective Study
CIA,Q37230,Central Intelligence Agency
PRRI,Q7257538,Public Religion Research Institute
SelandiaBaru,Q664,New Zealand
Zambia,Q953,Zambia
TentaraNasionalIndonesia,Q855515,Indonesian National Armed Forces
TentaraNasionalIndonesia,Q855515,Indonesian National Armed Forces
Jerman,Q21491109,Jerman
Permesta,Q7169315,Permesta
Yordania,Q26241730,Yordania Tulak
Tuvalu,Q672,Tuvalu
SukuMelayu,Q142702,Malays
Laksaur,Q1766253,Laksaur
Nigeria,Q1033,Nigeria
Polandia,Q36,Poland
Uruguay,Q77,Uruguay
INTERFET,Q402096,International Force East Timor
Argentina,Q414,Argentina
OrganisasiPapuaMerdeka,Q559673,Free Papua Movement
Tajikistan,Q863,Tajikistan
Fretilin,Q935996,Revolutionary Front for an Independent East Timor
UniversitasTrisakti,Q4250926,Trisakti University
Tonga,Q678,Tonga
BosniadanHerzegovina,Q225,Bosnia and Herzegovina
NegaraIslamIndonesia,Q2641601,Darul Islam
Palau,Q695,Palau
SriLanka,Q854,Sri Lanka
Filipina,Q4172847,Filipino people
PRB,Q926973,Republicans
Singapura,Q42679,Singapura
VietnamUtara,Q172640,North Vietnam
Thailand,Q869,Thailand
SukuMadura,Q1258905,Madurese
Kopassus,Q959749,Kopassus
KomandoJihad,Q6428116,Komando Jihad
DesaSabaleh,Q24464781,Sabaleh
KepolisianNegaraRepublikIndonesia,Q3103954,Indonesian National Police
PasukanKuning,Q119999726,Pasukan Kuning
FrontPembelaIslam,Q1878607,Islamic Defenders Front
FrontKedaulatanMaluku,Q6744959,Maluku Sovereignty Front
Zimbabwe,Q954,Zimbabwe
Nauru,Q697,Nauru
Libya,Q1016,Libya
Mesir,Q741389,Mesir macunu
Ukraina,Q212,Ukraine
Bolivia,Q750,Bolivia
Belanda,Q35247,Belanda Viri
TentaraKekaisaranJepang,Q276535,Imperial Japanese Army
Peru,Q419,Peru
Chili,Q165199,chili pepper
Austria,Q40,Austria
TimorTimur,Q1732464,Timor Timur
Jepang,Q11016590,Jepang
KorpsBrigadeMobil,Q2388082,Mobile Brigade
MegawatiSoekarnoputri,Q76179,Megawati Soekarnoputri
KodamJayakarta,Q136765,Komando Daerah Militer Jayakarta
BesiMerahPutih,Q829852,Besi Merah Putih
GardaMudaPenegakIntegrasi,Q5522134,Garda Muda Penegak Integrasi
Senegal,Q1041,Senegal
KesultananPontianak,Q3048747,Pontianak Sultanate
Gambia,Q1005,The Gambia
ABDACommand,Q287243,American-British-Dutch-Australian Command
Ghana,Q117,Ghana
Turki,Q46118,Uyghurs
Denmark,Q35,Denmark
Slovenia,Q215,Slovenia
MilisiproIndonesia,Q2548527,Pro-Indonesia militia
Namibia,Q1030,Namibia
Bulgaria,Q219,Bulgaria
Prancis,Q2107751,Pranciškus
SerbiadanMontenegro,Q37024,Serbia and Montenegro
Kenya,Q114,Kenya
Slowakia,Q13364451,Slowakian Cropper
Nepal,Q837,Nepal
Israel,Q801,Israel
Pakistan,Q843,Pakistan
Kroasia,Q224,Croatia
Bangladesh,Q902,Bangladesh
Irlandia,Q22890,Ireland
Niger,Q1032,Niger
Portugal,Q45,Portugal
Norway,Q20,Norway
Vanuatu,Q686,Vanuatu
PaoAnTui,Q28030835,Pao An Tui
AngkatanBersenjataRepublikIndonesia,Q7306800,Republic of Indonesia Armed Forces
Gerwani,Q1265747,Gerwani
India,Q668,India
NICA,Q33959,Nice
PapuaNugini,Q691,Papua New Guinea
DIPandjaitan,Q4250996,Donald Izacus Pandjaitan
FebrioAriyoAtmojoWibowo,Q104766946,Febrio Ariyo Atmojo Wibowo
AriSigit,Q5703870,Ari Sigit
XananaGusmo,Q11509,Xanana Gusmão
Philip,Q827311,Philip
PeterCosgrove,Q976974,Peter Cosgrove
Moerdiono,Q13095146,Moerdiono
SigitHarjojudanto,Q12514651,Sigit Harjojudanto
Soeharto,Q99864504,Soeharto
SitiHartinah,Q4201169,Tien Soeharto
SutoyoSiswomiharjo,Q4201513,Sutoyo Siswomiharjo
PuteriAnettaKomarudin,Q96988370,Puteri Anetta Komarudin
AdeKomarudin,Q18421322,Ade Komarudin
AdiPutraDarmawanTahir,Q17410349,Adi Putra Darmawan Tahir
AchmadTahir,Q12470654,Achmad Tahir
KaesangPangarep,Q18342896,Kaesang Pangarep
JokoWidodo,Q3318231,Joko Widodo
HartantoEdhieWibowo,Q12485356,Hartanto Edhie Wibowo
SarwoEdhieWibowo,Q7424827,Sarwo Edhie Wibowo
HayonoIsman,Q5687116,Hayono Isman
Witarmin,Q19745236,Witarmin
SusiloBambangYudhoyono,Q57405,Susilo Bambang Yudhoyono
RoosdinalSalim,Q17411117,Roosdinal Salim
EmilSalim,Q4187311,Emil Salim
SudonoSalim,Q712401,Sudono Salim
ArifinCNoer,Q4790571,Arifin C. Noer
IlhamBintang,Q31174123,Ilham Bintang
ErwinGutawa,Q5247049,Erwin Gutawa
ArdiBakrie,Q56416988,Anindra Ardiansyah Bakrie
AburizalBakrie,Q336042,Aburizal Bakrie
Milad,Q20000614,Milad
MuammarKhadafi,Q123885232,Muammar Khadafie
SintongPanjaitan,Q12515300,Sintong Panjaitan
TitiekSoeharto,Q12515517,Titiek Suharto
PutriAryantiHaryoWibowo,Q104766942,Putri Aryanti Haryo Wibowo
AgungFirmanSampurna,Q31173140,Agung Firman Sampurna
MasIsman,Q24284592,Mas Isman
AningKatamsi,Q12472169,Aning Katamsi
AmorosoKatamsi,Q12471835,Amoroso Katamsi
HadiThayeb,Q12485046,Hadi Thayeb
PahriAzhari,Q12502040,Pahri Azhari
BambangSubianto,Q12473895,Bambang Subianto
JajangCNoer,Q6124331,Jajang C. Noer
TotokSuryawanSoekarnoputra,Q109419194,Toto Suryawan Sukarno Putra
Soekarno,Q76127,Sukarno
Hartini,Q16180134,Hartini
BataraImanuelSirait,Q108901528,Batara Imanuel Sirait
SabamSirait,Q49255409,Sabam Sirait
AchmadWiranatakusumah,Q97306748,Achmad Wiranatakusumah
Adrian,Q372250,Adrian
AriefBudiman,Q4790355,Arief Budiman
LukitaDinarsyahTuwo,Q12495549,Lukita Dinarsyah Tuwo
KharisSuhud,Q12491591,Kharis Suhud
AndiMuhammadGhalib,Q12472022,Andi Muhammad Ghalib
RooslilaTahir,Q19731607,Rooslila Tahir
MusannifRyacudu,Q19943867,Musannif Ryacudu
TaurMatanRuak,Q57519,Taur Matan Ruak
AbdulHarisNasution,Q317291,Abdul Haris Nasution
SuharnokoHarbani,Q12516580,Suharnoko Harbani
YessyRianaDilliyanti,Q115051550,Yessy Riana Dilliyanti
Sutiyoso,Q7650060,Sutiyoso
PakuAlamVIII,Q2140777,Paku Alam VIII
IbnuSutowo,Q5984338,Ibnu Sutowo
AliSastroamidjojo,Q2669326,Ali Sastroamidjojo
PrabowoSubianto,Q2107268,Prabowo Subianto
SoemitroDjojohadikoesoemo,Q7553510,Soemitro Djojohadikoesoemo
TinoKarno,Q16187597,Tino Karno
SoekarnoMNoor,Q3747301,Soekarno M. Noer
AmiGumelar,Q106977571,Ami Gumelar
AgumGumelar,Q4694586,Agum Gumelar
RyamizardRyacudu,Q7419814,Ryamizard Ryacudu
SiswondoParman,Q2603618,Siswondo Parman
BambangTrihatmodjo,Q12473900,Bambang Trihatmodjo
AtmonoSuryo,Q25461077,Atmono Suryo
ManaiSophiaan,Q12496499,Manai Sophiaan
SyahrialOesman,Q12518318,Syahrial Oesman
TeukuUmarAli,Q109438139,Teuku Umar Ali
MohamadSulemanHidayat,Q4258719,Mohamad Suleman Hidayat
FeisalTanjung,Q12482854,Feisal Tanjung
AhmadYani,Q2992817,Ahmad Yani
AhmadYani,Q2992817,Ahmad Yani
RiaIrawan,Q12508562,Ria Irawan
AdeIrawan,Q4262759,Ade Irawan
AlstonSalim,Q92310912,Alston Stephanus
AnthonySalim,Q17410384,Anthony Salim
HashimDjojohadikusumo,Q12485398,Hashim Djojohadikusumo
MarahLaut,Q104172774,Marah Langit C. Noer
EnoSigit,Q5832929,Eno Sigit
FilomenoHornay,Q12482961,Filomeno Hornay
EmilArifin,Q16175997,Emil Arifin
BustanilArifin,Q5002099,Bustanil Arifin
TheoLSambuaga,Q17411225,Theo Leo Sambuaga
Sapardjo,Q56400151,Sapardjo
EddyRumpoko,Q17410508,Eddy Rumpoko
DaoedJoesoef,Q12480882,Daoed Joesoef
NinukMardianaPambudy,Q111214973,Ninuk Mardiana Pambudy
FadliZon,Q12482698,Fadli Zon
BobTutupoly,Q888292,Bob Tutupoly
AyuGembirowati,Q64623728,Ayu Gembirowati
SriWulandari,Q119088329,Sri Wulandar
HidayatNurWahid,Q4115277,Hidayat Nur Wahid
SoerjadiSoerjadarma,Q4843380,Soerjadi Soerjadarma
AMFatwa,Q17410528,A.M. Fatwa
HanumSalsabielaRais,Q7347498,Hanum Salsabiela Rais
AmienRais,Q2202270,Amien Rais
MohammadSyafaatMintaredja,Q18421350,Mohammad Syafa'at Mintaredja
HermanBernhardLeopoldMantiri,Q12485588,Herman Bernhard Leopold Mantiri
AnindyoBaskoro,Q97217261,Laleilmanino
UmarKayam,Q1521256,Umar Kayam
LuckyAliMoerfiqin,Q108893271,Lucky Ali Moerfiqin
AliMoertopo,Q468481,Ali Murtopo
IdaBagusRaiDharmawijayaMantra,Q16731948,I. B. Rai Dharmawijaya Mantra
IdaBagusMantra,Q13637491,Ida Bagus Mantra
RatnaJuami,Q109703224,Ratna Juami
SumantriBrodjonegoro,Q12517348,Sumantri Brodjonegoro
KemalIdris,Q6386828,Kemal Idris
FuadBawazier,Q12483133,Fuad Bawazier
KaharuddinNasution,Q12488461,Kaharuddin Nasution
ZannubaAriffahChafsoh,Q3572174,Yenny Wahid
AbdurrahmanWahid,Q76167,Abdurrahman Wahid
WismoyoArismunandar,Q12524651,Wismoyo Arismunandar
Soedjatmoko,Q2550116,Soedjatmoko
GunturSoekarnoputra,Q49247960,Guntur Soekarnoputra
Fatmawati,Q468519,Fatmawati
AdiPutraDarmawan,Q17410349,Adi Putra Darmawan Tahir
BJHabibie,Q76156,Bacharuddin Jusuf Habibie
TommySoeharto,Q3177695,Tommy Suharto
OetojoOesman,Q12501199,Oetojo Oesman
MiraSalim,Q89804730,Mira Salim
AmirMachmud,Q4252072,Amir Machmud
IpikAsmasoebrata,Q61054590,Ipik Asmasoebrata
SofjanWanandi,Q7553781,Sofjan Wanandi
LuhutBinsarPandjaitan,Q14917375,Luhut Binsar Panjaitan
HariIndraUtama,Q123945697,Hari Indra Utama
SoesiloSoedarman,Q12515785,Soesilo Soedarman
RuhutSitompul,Q4262592,Ruhut Sitompul
IGustiNgurahAlitYudha,Q122809445,I Gusti Ngurah Alit Yudha
IGustiNgurahRai,Q1392969,I Gusti Ngurah Rai
SunawarSukowati,Q24284586,Sunawar Sukowati
GitaWirjawan,Q5247132,Gita Wirjawan
AbdulLatiefpengusaha,Q4665497,Abdul Latief
NazyraCNoer,Q106450297,Nazyra C. Noer
MSarbini,Q12495707,M. Sarbini
AdeIrmaSuryani,Q123867418,Ade Irma Suryani
AyeshaKhadafi,Q231552,Ayesha Gaddafi
KaharMuzakir,Q56399548,Kahar Muzakir
RachmawatiSoekarnoputri,Q12507600,Rachmawati Sukarnoputri
OemarSenoAdji,Q12501175,Oemar Seno Adji
SophanSophiaan,Q7562833,Sophan Sophiaan
HasriAinunBesari,Q3294779,Hasri Ainun Habibie
HutomoMandalaPutra,Q3177695,Tommy Suharto
SitiHutamiEndangAdiningsih,Q20278519,Mamiek Soeharto
AlissaQotrunnada,Q64824748,Alissa Qotrunnada
EuricoGuterres,Q328940,Eurico Guterres
PrabowoSubiantoDjojohadikusumo,Q2107268,Prabowo Subianto
DoraMarieSigar,Q17411355,Dora Marie Sigar
SoebiantoDjojohadikoesoemo,Q12515742,Soebianto Djojohadikusumo
MargonoDjojohadikoesoemo,Q19746197,Margono Djojohadikoesoemo
Subroto,Q7631933,Subroto
AryoSeto,Q100580264,Aryo Seto
HeriyantoTahir,Q123945692,Heriyanto Tahir
SitiIslamiyah,Q55558585,Siti Islamiyah
OemarSaidTjokroaminoto,Q2603591,Oemar Said Tjokroaminoto
HimawanSoetanto,Q17411418,Himawan Soetanto
MuhammadMangundiprojo,Q19729468,Muhammad Mangundiprojo
FahmiSaifuddin,Q65031161,Fahmi D. Saifuddin
SaifuddinZuhri,Q14404735,Saifuddin Zuhri
KamalaChandrakirana,Q18685370,Kamala Chandrakirana
HasjrulHarahap,Q12485409,Hasjrul Harahap
AgusGumiwangKartasasmita,Q12470931,Agus Gumiwang Kartasasmita
GinandjarKartasasmita,Q5562954,Ginandjar Kartasasmita
SitiOetari,Q12515522,Siti Oetari
HayaniIsman,Q16180462,Hayani Isman
SitiHediatiHariyadi,Q12515517,Titiek Suharto
EdiSudradjat,Q1284477,Edi Sudradjat
LindaAmaliaSari,Q12494918,Linda Amalia Sari
AgusHarimurtiYudhoyono,Q7805962,Agus Harimurti Yudhoyono
Moeljadi,Q17410747,Moeljadi
PaulinaPandjaitan,Q72464295,Paulina Pandjaitan
RavindraAirlangga,Q115049138,Ravindra Airlangga
AirlanggaHartarto,Q12471140,Airlangga Hartarto
JosLobato,Q3054951,José Lobatón
NicolaudosReisLobato,Q737475,Nicolau dos Reis Lobato
WidjojoSoejono,Q97228369,Widjojo Soejono
AlSaadiGaddafi,Q310406,Al-Saadi Gaddafi
IsnaMarifa,Q114867421,Isna Marifa
RudyWowor,Q7377712,Rudy Wowor
PerchaLeanpuri,Q56399371,Percha Leanpuri
HermanDeru,Q16180910,Herman Deru
ArieJeffryKumaat,Q12472440,Arie Jeffry Kumaat
MelindaAksa,Q104167618,Melinda Aksa Mahmud
AksaMahmud,Q12471265,Aksa Mahmud
AndiSinjayaGhalib,Q109432685,Andi Sinjaya Ghalib
SoejonoDjojohadikoesoemo,Q56400137,Soejono Djojohadikoesumo
AlexNoerdin,Q4717563,Alex Noerdin
Sudiono,Q123877949,Sudiono
MelaniLeimenaSuharli,Q60330208,Melani Leimena Suharli
JohannesLeimena,Q2642883,Johannes Leimena
LeonardusBenyaminMoerdani,Q402998,Leonardus Benjamin Moerdani
InayahWulandari,Q64824904,Inayah Wulandari
ChaerulPermataCita,Q123945718,Chaerul Permata Cita
AlwinArifin,Q17998029,Alwin Arifin
TeukuMohammadHamzahThayeb,Q17411575,Teuku Mohammad Hamzah Thayeb
DianIslamiati,Q109444527,Dian Islamiati Fatwa
KristianiHerrawati,Q4200758,Ani Yudhoyono
IrmanGusman,Q7353487,Irman Gusman
RusliHalil,Q120202788,Rusli Halil
HannibalKhadafi,Q361273,Hannibal Muammar Gaddafi
KuntoAriefWibowo,Q12492964,Kunto Arief Wibowo
AhmadHanafiRais,Q16164615,Ahmad Hanafi Rais
MochtarKusumaatmadja,Q4200159,Mochtar Kusumaatmadja
YuliaSaprita,Q123945706,Yulia Saprita
PuanMaharani,Q15646541,Puan Maharani
BambangPurwanto,Q109861447,Bambang Purwanto
MandiraIsman,Q109429169,Mandira Isman
IndroyonoSoesilo,Q18421427,Indroyono Soesilo
Stephen,Q161775,Stephen
DipoLatief,Q16174788,Dipo Latief
HashimSujonoDjojohadikusumo,Q12485398,Hashim Djojohadikusumo
HarrySantoso,Q114451363,Harry Santoso
RajaSaptaOktohari,Q12507742,Raja Sapta Oktohari
OesmanSaptaOdang,Q12501197,Oesman Sapta Odang
DewiAsmara,Q123337918,Dewi Asmara
AgusIsrokMikroj,Q19723750,Agus Isrok Mikroj
SubagyoHadiSiswoyo,Q17411379,Subagyo Hadi Siswoyo
GuruhSoekarnoputra,Q4264069,Guruh Sukarnoputra
SukmawatiSoekarnoputri,Q12517042,Sukmawati Soekarnoputri
ZekeKhaseli,Q106977528,Zeke Khaseli
Wiranto,Q731740,Wiranto
David,Q83155,Jacques-Louis David
DodiRezaAlexNoerdin,Q25468888,Dodi Reza Alex Noerdin
SadikinAksa,Q104172723,Sadikin Aksa
RamonPapana,Q12507850,Ramon Papana
SutiKarno,Q12518242,Suti Karno
RosihanArsyad,Q12508932,Rosihan Arsyad
MohammadHatta,Q29050,Mohammad Hatta
MastutiRahayu,Q101424605,Mastuti Rahayu
FahmiIdris,Q5429568,Fahmi Idris
FahrinaFahmiIdris,Q16176665,Fahrina Fahmi Idris
IrviandariAlestyaGusman,Q123049948,Irviandari Alestya Gusman
AmeliaFarinaSalim,Q98732767,Amelia Farina Salim
SubhanAksa,Q15912493,Subhan Aksa
MaruararSirait,Q20278454,Maruarar Sirait
MuhammadKhadafi,Q123876796,Muhammad Khadafi
DewiYustisiana,Q123715384,Dewi Yustisiana
SitiHardijantiRukmana,Q7531876,Tutut Soeharto
DewiDamayanti,Q108893626,Dewi Damayanti Soetomo
Kartika,Q475279,Kartika
AndreeHalim,Q91188298,Andree Halim
EdhieBaskoroYudhoyono,Q7806029,Edhie Baskoro Yudhoyono
AnindyaBakrie,Q12472166,Anindya Bakrie
GaluhWandita,Q110256037,Galuh Wandita
PramonoEdhieWibowo,Q7238276,Pramono Edhie Wibowo
ErwinAksa,Q65204733,Erwin Aksa
RSoebijakto,Q17411398,R. Soebijakto
WrahastiCendrawasih,Q101424664,Wrahasti Cendrawasih
AlexandreGusmo,Q3889529,Alexandre de Gusmão
AmeliaAchmadYani,Q19751265,Amelia Achmad Yani
IndriyantoSenoAdji,Q19733069,Indriyanto Seno Adji
AxtonSalim,Q85923185,Axton Salim
KarinaKartikaSariDewiSoekarno,Q15646490,Kartika Sari Dewi Soekarno
KahiyangAyu,Q18342895,Kahiyang Ayu
Santi,Q206697,Santi di Tito
SyamsuryaRyacudu,Q17411159,Syamsurya Ryacudu
AhmadMumtazRais,Q16164694,Ahmad Mumtaz Rais
AhmadSuyud,Q55558545,Ahmad Suyud
AdeNamnung,Q12470700,Ade Namnung
AnitaHayatunnufus,Q64824842,Anita Hayatunnufus
DiazHendropriyono,Q20278383,Diaz Hendropriyono
AMHendropriyono,Q4666027,Abdullah Mahmud Hendropriyono
AlunaSagitaGutawa,Q936816,Gita Gutawa
AlbertSalim,Q89804716,Albert Salim
HarsonoTjokroaminoto,Q18421456,Harsono Tjokroaminoto
RanoKarno,Q517317,Rano Karno
DewiIrawan,Q12481411,Dewi Irawan
ChrisPattikawa,Q11107682,Chris Pattikawa
MiekeWidjaja,Q12498500,Mieke Wijaya
FahiraIdris,Q12482713,Fahira Fahmi Idris
MedinaLatiefHarjani,Q17410712,Medina Latief Harjani
OetarjoAnwarTjokroaminoto,Q84836232,Anwar Tjokroaminoto
NiaZulkarnaen,Q12500705,Nia Zulkarnaen
JaySubiyakto,Q17411437,Jay Subiyakto
BambangPermadiSoemantriBrodjonegoro,Q16169810,Bambang Brodjonegoro
AlexandraAsmasoebrata,Q12471455,Alexandra Asmasoebrata
AlexAsmasoebrata,Q104627897,Alex Asmasoebrata
ArmidaAlisjahbana,Q4259192,Armida Alisjahbana
LuryElzaAlex,Q123873643,Lury Elza Alex
GibranRakabumingRaka,Q18342893,Gibran Rakabuming Raka
LukmanHakimSaifuddin,Q16188358,Lukman Hakim Saifudin
SriSaraswati,Q67508881,Sri Saraswati Hindi Spl. Primary School
WahyuSanjaya,Q96989529,Wahyu Sanjaya
AstridSalim,Q92721392,Astrid Salim
ErikHidayat,Q123713774,Erik Hidayati
DanvySekartajiIndriHaryanti,Q93612222,Danvy Sekartaji Indri Haryanti
JeanPattikawa,Q12487675,Jean Pattikawa
IlhamAkbar,Q123883441,Ilham Akbar
GeloraSuryaDharma,Q123945688,Gelora Surya Dharma
Ruzaina,Q109723308,Ruzainah Karim
TentaraNasionalIndonesiaAngkatanUdara,Q1304002,Indonesian Air Force
TunkuAbdulRahman,Q296317,Tunku Abdul Rahman
BernardusSugiartaMuljana,Q56399783,Bernardus Sugiarta Muljana
EndangAgustiniSyarwan,Q16176076,Endang Agustini Syarwan
MochamadJasin,Q12498700,Mochamad Jasin
HadiUtomo,Q16179383,Hadi Utomo
MervinSadipunKomber,Q17410720,Mervin Sadipun Komber
YosSudarso,Q329452,Kolepom Island
FranciscoGuterres,Q897790,Francisco Guterres
MakmunMurod,Q12496239,Makmun Murod
SatrioBudihardjoJoedono,Q12512338,Satrio Budihardjo Joedono
MuinPusadan,Q28354436,Muin Pusadan
SayidimanSuryohadiprojo,Q12512520,Sajidiman Surjohadiprodjo
DjoeandaKartawidjaja,Q2670453,Djuanda Kartawidjaja
JennyShipley,Q235996,Jenny Shipley
AchmadAffandi,Q85988394,Achmad Affandi
HastoWardoyo,Q16180422,Hasto Wardoyo
PartaiSosialisIndonesia,Q204699,Socialist Party of Indonesia
GatotSoebroto,Q5261540,Gatot Soebroto
Wondoamiseno,Q19749246,Wondoamiseno
KasmanSingodimedjo,Q16187634,Kasman Singodimedjo
MohammadNatsir,Q2327343,Mohammad Natsir
TungkiAriwibowo,Q12522748,Tungki Ariwibowo
AdrianusMooy,Q12470772,Adrianus Mooy
AdamMalik,Q76297,Adam Malik
PietPagau,Q12505496,Piet Pagau
KOSGORO,Q12492280,Kosgoro
EndangKusumaIntenSoeweno,Q56399199,Endang Kusuma Inten Soeweno
MarzukiUsman,Q12497198,Marzuki Usman
TandionoManu,Q109905042,Tandiono Manu
MahfudMD,Q6892160,Mahfud MD
SalehAfiff,Q14917452,Saleh Afiff
BobHasan,Q4932722,Bob Hasan
BadanPembinaanHukumTentaraNasionalIndonesia,Q31173851,Badan Pembinaan Hukum Tentara Nasional Indonesia
Suwiryo,Q12518263,Suwiryo
Probosutedjo,Q12506490,Probosutedjo
RobertusSanyoto,Q115869281,Robertus Sanyoto
AzwarAnas,Q4833142,Azwar Anas
Tarub,Q4702740,Tarub
PartaiHatiNuraniRakyat,Q4262041,People's Conscience Party
Sugionomiliter,Q120905927,Sugiono (militer)
RatnaRiantiarno,Q17411027,Ratna Riantiarno
CokSimbara,Q11174989,Cok Simbara
SupraptoSukowati,Q85994764,Suprapto Sukowati
MuhammadYusufAsyari,Q12499394,Muhammad Yusuf Asy'ari
AidaZulaikaNasution,Q25469485,Aida Zulaika Nasution
IgnatiusJosephKasimoHendrowahyono,Q13534328,Ignatius Joseph Kasimo Hendrowahyono
SuronoReksodimedjo,Q12518151,Surono Reksodimedjo
JacobSalatun,Q3623692,Jacob Salatun
JusufWanandi,Q6318658,Jusuf Wanandi
MachicaMochtar,Q16188469,Machica Mochtar
AlbertMangaratuaTambunan,Q24284585,Albert Mangaratua Tambunan
SlametSuradio,Q19752810,Slamet Suradio
PartaiPersatuanPembangunan,Q2669302,United Development Party
ZAMaulani,Q17411746,Z.A. Maulani
PartaiMusliminIndonesia,Q60679977,Parmusi
PartaiDemokrasiIndonesia,Q1186306,Indonesian Democratic Party – Struggle
NugrohoNotosusanto,Q2165337,Nugroho Notosusanto
MelanchtonSiregar,Q64758802,Melanchton Siregar
AkademiAngkatanLaut,Q559549,United States Naval Academy
AdeIrmaSuryaniNasution,Q12470697,Ade Irma Suryani Nasution
HuseinMutahar,Q12485004,Husein Mutahar
HendriawanSie,Q12485547,Hendriawan Sie
ARSoehoed,Q12470435,A.R. Soehoed
RadiusPrawiro,Q7281390,Radius Prawiro
JaptoSoerjosoemarno,Q5274731,Yapto Soerjosoemarno
MohamadHekal,Q109564145,Mohamad Hekal
SoemarnoSosroatmodjo,Q13097202,Soemarno Sosroatmodjo
PartaiGerakanIndonesiaRaya,Q4261459,Great Indonesia Movement Party
Adhyatma,Q56399770,Adhyatma
AliansiProgresif,Q507343,Progressive Alliance of Socialists and Democrats
AbdulAzisSaleh,Q12470542,Abdul Azis Saleh
MarieMuhammad,Q17410790,Mar'ie Muhammad
SlametBratanata,Q12515661,Slamet Bratanata
MuktiAli,Q12499431,Mukti Ali
Sujudi,Q17411455,Sujudi
LeilaChairaniBudiman,Q12494302,Leila Chairani Budiman
AnwarTjokroaminoto,Q84836232,Anwar Tjokroaminoto
Sudomo,Q12516527,Sudomo
SoedjonoDjoenedPoesponegoro,Q19723944,Soedjono Djoened Poesponegoro
PembelaTanahAir,Q16798568,Pembela Tanah Air Museum
OngEngDie,Q7093799,Ong Eng Die
PemerintahanRevolusionerRepublikIndonesia,Q4271733,Revolutionary Government of the Republic of Indonesia
ParamithaRusady,Q4975924,Paramitha Rusady
Daryatmo,Q12480975,Daryatmo
MaradenPanggabean,Q4343894,Maraden Saur Halomoan Panggabean
Mayangsari,Q47748,Mayangsari
OmarDhani,Q2627581,Omar Dhani
OmarDhani,Q2627581,Omar Dhani
ZainalBasriPalaguna,Q12525391,Zainal Basri Palaguna
KomandoDaerahMiliterIskandarMuda,Q12492035,Kodam Iskandar Muda
AjitSingh,Q4699805,Ajit Singh
BasukiRahmat,Q4202242,Basuki Rahmat
MahbubDjunaidi,Q56391376,Mahbub Djunaidi
JerrySambuaga,Q65212605,Jerry Sambuaga
MohamadRoem,Q2746664,Mohammad Roem
RahardiRamelan,Q12507683,Rahardi Ramelan
SanusiHardjadinata,Q12512111,Sanusi Hardjadinata
AmranYS,Q16166687,Amran YS
ArieHanggara,Q12472438,Arie Hanggara
Wongsonegoro,Q3526552,Wongsonegoro
AhmadYunusMokoginta,Q25470126,Ahmad Yunus Mokoginta
JusufWibisono,Q6854709,Jusuf Wibisono
AgusHermanto,Q17410358,Agus Hermanto
Soekarmen,Q12515754,Soekarmen
AkademiMiliter,Q10862512,Military Academy
Sumiskum,Q12517652,Sumiskum
JBSumarlin,Q11213335,J. B. Sumarlin
SetyaNovanto,Q18421371,Setya Novanto
NaniSoedarsono,Q12500067,Nani Soedarsono
RBintoro,Q107301718,R. Bintoro
NahdlatulUlama,Q686441,Nahdlatul Ulama
Batavia,Q1199713,Batavia
MashuriSaleh,Q12497239,Mashuri Saleh
JustikaBaharsjah,Q12488227,Justika Baharsjah
KhaidirAnwarSani,Q12491582,Khaidir Anwar Sani
EmanuelMelkiadesLakaLena,Q96988693,Emanuel Melkiades Laka Lena
RoeslanAbdulgani,Q967941,Ruslan Abdulgani
Soeweno,Q105342433,Soeweno
YayasanSupersemar,Q12525084,Yayasan Supersemar
Mudjono,Q12499315,Mudjono
PartaiKaryaPeduliBangsa,Q5158454,Concern for the Nation Functional Party
OsaMalikiWangsadinata,Q25462186,Osa Maliki Wangsadinata
Soebandrio,Q7553474,Soebandrio
SoeHokGie,Q2277434,Soe Hok Gie
SekolahStafdanKomandoAngkatanDarat,Q12513038,Indonesian Army Command and General Staff College
RadinalMochtar,Q12507648,Radinal Mochtar
KellyKwalik,Q3194900,Kelly Kwalik
MarzukiDarusman,Q6781884,Marzuki Darusman
YogiSupardi,Q85850573,Yogi Supardi
PartaiDemokrasiIndonesiaPerjuangan,Q1186306,Indonesian Democratic Party – Struggle
PurnomosidiHadjisarosa,Q17410552,Purnomosidi Hadjisarosa
AhmadDhani,Q4695305,Ahmad Dhani
HaryonoSuyono,Q12485379,Haryono Suyono
TentaraNasionalIndonesiaAngkatanLaut,Q2704661,Indonesian Navy
AmirMurtono,Q4746616,Amir Murtono
AriefPatanga,Q28485097,Arif Patanga
RachmatKartolo,Q12507598,Rachmat Kartolo
WawanWanisar,Q17411654,Wawan Wanisar
WidjojoNitisastro,Q4261785,Widjojo Nitisastro
IskandarSitompul,Q16183738,Iskandar Sitompul
EdieToetHendratno,Q109437622,Edie Toet Hendratno
TBSimatupang,Q4806383,Tahi Bonar Simatupang
MarliaHardi,Q12497113,Marlia Hardi
IGustiPutuMartha,Q5977431,I Gusti Putu Martha
DaveLaksono,Q96988377,Dave Akbarshah Fikarno
DorodjatunKuntjoroJakti,Q5298156,Dorodjatun Kuntjoro-Jakti
HarisSudarno,Q17410566,Haris Sudarno
SubiaktoTjakrawerdaya,Q18421453,Subiakto Tjakrawerdaya
MasTirtodarmoHaryono,Q2603608,M. T. Haryono
MochtarLubis,Q2570788,Mochtar Lubis
HamzahHaz,Q76344,Hamzah Haz
NazomNurhawi,Q85850569,Nazom Nurhawi
TimurPManurung,Q97373735,Timur P. Manurung
ZaenalMaarif,Q19753041,Zaenal Maarif
BurhanuddinHarahap,Q2669297,Burhanuddin Harahap
Maskanan,Q120202074,Maskanan
DiditHediprasetyo,Q17410486,Didit Hediprasetyo
AminuddinPonulele,Q12471813,Aminuddin Ponulele
KiesSlamet,Q25469917,Kies Slamet
FransSeda,Q981547,Frans Seda
SoepardjoRustam,Q12515771,Soepardjo Rustam
SyafruddinPrawiranegara,Q4201482,Sjafruddin Prawiranegara
BambangUtoyo,Q12473901,Bambang Utoyo
Kuntara,Q28724536,Kuntara
HoegengImanSantoso,Q4595763,Hoegeng Imam Santoso
SyamaunGaharu,Q26270156,Syamaun Gaharu
PoedjonoPranyoto,Q12505909,Poedjono Pranyoto
AgustinusSutardhio,Q97196583,Agustinus Sutardhio
UmarWirahadikusumah,Q76306,Umar Wirahadikusumah
UmarRukman,Q110102597,Umar Rukman
SoedjonoCAtmonegoro,Q12515749,Soedjono C. Atmonegoro
Jatidjan,Q12487456,Jatidjan
WAFJTumbelaka,Q20426868,W. A. F. J. Tumbelaka
BomerPasaribu,Q12476886,Bomer Pasaribu
DadingKalbuadi,Q1156997,Dading Kalbuadi
GufranDwipayana,Q12484556,Gufran Dwipayana
AriWibowo,Q115780589,Ari Wibowo
SoenandarPrijosoedarmo,Q12515763,Soenandar Prijosoedarmo
Notohamiprodjo,Q19752307,Notohamiprodjo
SlametImanSantoso,Q19748052,Slamet Iman Santoso
IzaacHindom,Q104174572,Izaac Hindom
AchmadSjaichu,Q65204588,Achmad Sjaichu
SariYuliati,Q123245816,Sari Yuliati
PurwotoGandasubrata,Q17410540,Purwoto Gandasubrata
PartaiGolonganKarya,Q1536552,Golkar
MasPardi,Q19728929,Mas Pardi
RachmatSaleh,Q12507599,Rachmat Saleh
OlivioMendoncaMoruk,Q61118268,Olivio Mendoza Moruk
PemerintahSementaraTimorTimur,Q114434775,Provisional Government of East Timor
BambangSoesatyo,Q12473894,Bambang Soesatyo
MaharMardjono,Q12496097,Mahar Mardjono
TaufikKurniawan,Q12520112,Taufik Kurniawan
UniDemokrasiTimor,Q948124,Timorese Democratic Union
AliWardhana,Q13091528,Ali Wardhana
SlametKirbiantoro,Q12515663,Slamet Kirbiantoro
Notohatyanto,Q116687938,Notohatyanto
HasanSlamet,Q12485391,Hasan Slamet
NyakAdamKamil,Q14956786,Nyak Adam Kamil
BankPembangunanAsia,Q188822,Asian Development Bank
PartaiSwaraRakyatIndonesia,Q56393560,Partai Swara Rakyat Indonesia
JusufKalla,Q76354,Jusuf Kalla
OrdeBaru,Q497163,New Order
Boediardjo,Q4937086,Boediardjo
HartonoReksoDharsono,Q1587648,Hartono Rekso Dharsono
KhofifahIndarParawansa,Q12491600,Khofifah Indar Parawansa
AmboEtengAmin,Q110102401,Ambo Eteng Amin
TimorPortugis,Q142965,Portuguese Timor
DadangSuprayogi,Q99520704,Dadang Suprayogi
Wilopo,Q2091244,Wilopo
PartaiPersatuanIndonesia,Q19752495,Indonesian Unity Party
HeriHertanto,Q12485579,Heri Hertanto
HafidinRoyan,Q12485057,Hafidin Royan
PartaiNasionalIndonesiaFrontMarhaenis,Q19729637,Indonesian National Party – Marhaenist Front
NasrudinSumintapura,Q56399775,Nasrudin Sumintapura
Suhardiman,Q20278528,Suhardiman
Poniman,Q12506187,Poniman
ArifinSiregar,Q12472462,Arifin Siregar
IsmailSaleh,Q6084865,Ismail Saleh
Djatikoesoemo,Q11201468,Djatikoesoemo
LatiefHendraningrat,Q12494044,Latief Hendraningrat
ElangMuliaLesmana,Q16832517,Elang Mulia Lesmana
RatuEmmaNorma,Q120221744,Ratu Emma Norma
GatotTaroenamihardja,Q5527489,Gatot Taroenamihardja
DaliTahir,Q16173631,Dali Tahir
SuyonoSosrodarsono,Q109430737,Suyono Sosrodarsono
KesultananSiakSriInderapura,Q2988765,Sultanate of Siak Sri Indrapura
MohammadZamroni,Q17278769,Mohammad Zamroni
Dobricaosi,Q369612,Dobrica Ćosić
LailiRoesad,Q15830550,Laili Roesad
SutanSjahrir,Q2470857,Sutan Sjahrir
AbdulHakimHarahap,Q19942211,Abdul Hakim
PusatKesehatanAngkatanDarat,Q12481595,Pusat Kesehatan Angkatan Darat
RHartono,Q12507527,R. Hartono
Soebekti,Q12507534,Soebekti
MahunoBulerekKarathayano,Q1882171,Ma'huno Bulerek Karathayano
DjatmikantoDanumartono,Q110102646,Djatmikanto Danumartono
MuhammadDahlan,Q12499346,Muhammad Dahlan
MJusuf,Q109727649,M. Jusuf Anang
AbdoelHalim,Q2978474,Abdul Halim
PartaiIndonesia,Q19730387,Partai Indonesia
IwaKoesoemasoemantri,Q10975733,Iwa Koesoemasoemantri
BMDiah,Q16174471,B. M. Diah
Rudini,Q12508994,Rudini
MuhammadAlwiDahlan,Q12499338,Muhammad Alwi Dahlan
SoetardjoSoerjogoeritno,Q19748432,Soetardjo Soerjogoeritno
SoedarsonoHadisapoetro,Q7553479,Soedarsono Hadisapoetro
PoppyDharsono,Q17410935,Poppy Dharsono
IdhamChalid,Q6854752,Idham Chalid
RoesminNoerjadin,Q12508816,Roesmin Noerjadin
WirjonoProdjodikoro,Q8026958,Wirjono Prodjodikoro
BurhanuddinAbdullah,Q12478007,Burhanuddin Abdullah
CosmasBatubara,Q5173975,Cosmas Batubara
SetyadjitSoegondo,Q2230428,Setyadjit Soegondo
IGustiKetutPudja,Q12486168,I Gusti Ketut Pudja
TutiSutiawati,Q108483499,Tuti Sutiawati
IshakMekki,Q17410609,Ishak Mekki
ChaerulSaleh,Q5068118,Chairul Saleh
AbdulAzisBustam,Q109433908,Abdul Azis Bustam
Mashudi,Q10995103,Mashudi
SyariefThayeb,Q17411574,Syarief Thayeb
Soedjarwo,Q12515747,Soedjarwo
LeoLopulisa,Q17410671,Leo Lopulisa
BramAdrianto,Q17410354,Bram Adrianto
MunawirSjadzali,Q12499521,Munawir Sjadzali
MooryatiSoedibyo,Q12498992,Mooryati Soedibyo
MaqdirIsmail,Q61119182,Maqdir Ismail
AngkatanUdaraKerajaanThai,Q404766,Royal Thai Air Force
PartaiPenegakDemokrasiIndonesia,Q4261342,Indonesian Democratic Vanguard Party
PartaiBerkarya,Q31173603,Berkarya Party
Barlian,Q85989071,Barlian
AchmadSoebardjo,Q4250968,Achmad Soebardjo
DavidAlex,Q42622482,David Alex
FranciscoXavierdoAmaral,Q731840,Francisco Xavier do Amaral
IkatanPemudaKarya,Q109437394,Ikatan Pemuda Karya
GASiwabessy,Q5511990,G.A. Siwabessy
AshariDanudirdjo,Q724830,Ashari Danudirdjo
FrontAntiKomunisIndonesia,Q22340181,Front Anti Komunis Indonesia
Ikranagara,Q12486308,Ikranagara
DanangHadiwibowo,Q110102784,Danang Hadiwibowo
RusliNoor,Q7381068,Rusli Noor
MohammadNazir,Q3528688,Mohammad Nazir
MohammadSadli,Q1297966,Mohamad Sadli
DennyIndrayana,Q12481262,Denny Indrayana
WidodoAS,Q4902218,Widodo Adi Sutjipto
Sutami,Q17411492,Sutami
SriAdiningsih,Q17411425,Sri Adiningsih
SyarwanHamid,Q12518364,Syarwan Hamid
AliSaid,Q12471492,Ali Said
HadiPrabowo,Q12485045,Hadi Prabowo
MuchdiPurwoprandjono,Q12499298,Muchdi Purwoprandjono
JoopAve,Q12488069,Joop Ave
ZairinZain,Q12525398,Zairin Zain
Satrio,Q12512336,Satrio
FahriHamzah,Q16176642,Fahri Hamzah
Soekardi,Q85992758,Soekardi
PierreTendean,Q2603600,Pierre Tendean
AliSadikin,Q1393182,Ali Sadikin
KesultananNgayogyakartaHadiningrat,Q2114397,Yogyakarta Sultanate
Soedharmono,Q76317,Sudharmono
Soemono,Q12515762,Soemono
AdnanKapauGani,Q4264085,Adnan Kapau Gani
Harmoko,Q2092123,Harmoko
MursalinDaengMamangung,Q12499604,Mursalin Daeng Mamangung
TrySutrisno,Q76333,Try Sutrisno
PersatuanWartawanIndonesia,Q19752497,Indonesian Journalists Association
YogaSugama,Q12525258,Yoga Soegomo
PartaiAmanatNasional,Q2434365,National Mandate Party
ImanuelEkadianusBlegur,Q108895229,Imanuel Ekadianus Blegur
Tjokropranolo,Q12521734,Tjokropranolo
SoerjadiSoedirdja,Q13097203,Soerjadi Soedirdja
PersatuanWredatamaRepublikIndonesia,Q19752500,Persatuan Wredatama Republik Indonesia
ArnoldAchmadBaramuli,Q12472506,Arnold Achmad Baramuli
KomiteOlahragaNasionalIndonesia,Q1130282,National Sports Committee of Indonesia
AgungLaksono,Q2581141,Agung Laksono
IbrahimAdjie,Q12486200,Ibrahim Adjie
AlamsyahRatuPerwiranegara,Q12471383,Alamsyah Ratu Perwiranegara
SetiadiReksoprodjo,Q58924768,Setiadi Reksoprodjo
Moetojib,Q17410749,Moetojib
SutopoJuwono,Q17410639,Sutopo Juwono
AlexanderAndriesMaramis,Q12682432,Alexander Andries Maramis
HariSuharto,Q12485295,Hari Suharto
SoetjiptoJoedodihardjo,Q4595588,Soetjipto Joedodihardjo
Soedirman,Q2367329,General Soedirman
JohanaSunartiNasution,Q123474247,Johana Sunarti Nasution
PartaiSyarikatIslamIndonesia,Q4200848,Indonesian Islamic Union Party
MarzukiAlie,Q7384733,Marzuki Alie
LodewijkFreidrichPaulus,Q16188298,Lodewijk Freidrich Paulus
SuwardjonoSurjaningrat,Q12518256,Suwardjono Surjaningrat
BandjelaPaliudju,Q12474142,Bandjela Paliudju
BambangTriantoro,Q110103086,Bambang Triantoro
PartaiBuruhIndonesia,Q6467180,Labour Party
AkbarTanjung,Q2581168,Akbar Tanjung
Soemitro,Q7553510,Soemitro Djojohadikoesoemo
Goenarso,Q12484310,Goenarso
NinoKonisSantana,Q1397282,Nino Konis Santana
SoegihArto,Q12516549,Sugih Arto
HamengkubuwanaIX,Q76227,Hamengkubuwono IX
DjoehanaWiradikarta,Q3033048,Djoehana Wiradikarta
JuwonoSudarsono,Q3107476,Juwono Sudarsono
YogieSuardiMemet,Q12525261,Yogie Suardi Memet
MuhaiminIskandar,Q12499327,Muhaimin Iskandar
OloPanggabean,Q12501307,Olo Panggabean
BambangSoegeng,Q16169940,Bambang Soegeng
HaryatiSoebadio,Q12485375,Haryati Soebadio
SiskaWidowati,Q12515445,Siska Widowati
HalimahAgustinaKamil,Q16044713,Halimah Agustina Kamil
PartaiKristenIndonesia,Q4200847,Indonesian Christian Party
MohammadIsnaeni,Q12498762,Mohammad Isnaeni
Wahono,Q19944501,Wahono
FirmanSantyabudi,Q16177287,Firman Santyabudi
PartaiNasionalIndonesia,Q4261536,Indonesian National Party Marhaenism
MuhammadSanusi,Q12499381,Muhammad Sanusi
Soekarto,Q49251334,Soekarto
SutantoWiryoprasonto,Q110103091,Sutanto Wiryoprasonto
SayutiMelik,Q7429323,Sayuti Melik
JudilherryJustam,Q20278438,Judilherry Justam
Alirahman,Q12471513,Alirahman
Muladi,Q963251,Muladi
SutanMuhammadZain,Q19749281,Sutan Muhammad Zain
SimonSimatupang,Q125848153,Simon Simatupang
Odang,Q757015,Usagi Tsukino
SitiKholilah,Q109723315,Siti Kholilah Rahardjo
HajiAbdullah,Q97262519,Haji Abdullah
IdaAyuNyomanRai,Q16182136,Ida Ayu Nyoman Rai
SoekemiSosrodihardjo,Q19740372,Soekemi Sosrodihardjo
SalamSutrawan,Q12515741,Soe Lie Piet
SultanAbdulHamidHalimShah,Q4207009,Abdul Hamid Halim of Kedah
CikMenyelara,Q6427842,Cik Menyelara
SoeLiePiet,Q12515741,Soe Lie Piet
GusmanGaus,Q12484978,Gusman Gaus
SitiKatoemiWirodihardjo,Q98635921,Siti Katoemi Wirodihardjo
WahidHasyim,Q981398,Wahid Hasyim
JoyceTheresiaPamelaKohler,Q106197863,Joyce Theresia Pamela Kohler
AlwiAbdulJalilHabibie,Q19745520,Alwi Abdul Jalil Habibie
SitiSholehah,Q100699458,Sholihah Bisri
Sumini,Q95817663,Sumini
SrgioVieiradeMello,Q334835,Sérgio Vieira de Mello
SrgioVieiradeMello,Q334835,Sérgio Vieira de Mello
LieKimNio,Q91184537,Lie Las Nio
MohammadAdnan,Q23007496,Mohammad Adnan
EddyAbdulManaf,Q106197917,Eddy Abdul Manaf
PhilipFrederikLaurensSigar,Q98635839,Philip Frederik Laurens Sigar
CornelieEmelieMaengkom,Q108839866,Cornelie Emelie Maengkom
HartartoSastrosoenarto,Q12485357,Hartarto Sastrosoenarto
RusadDatukPerpatihBaringek,Q85994013,Rusad Datuk Perpatih Baringek
Athirah,Q27824597,Athirah
SitiKhadijah,Q115206554,Siti Khadijah
TeukuAliBasyah,Q19752938,Teuku Ali Basyah
PakuAlamVII,Q2266005,Paku Alam VII
Nursiah,Q109698239,Nursiah
AbdulLatief,Q4665497,Abdul Latief
TeukuChikMohammadThayeb,Q19748953,Teuku Chik Mohammad Thayeb
NazirDatukPamoentjak,Q12500218,Nazir Datuk Pamuncak
Kalla,Q37101537,Kalla
RASuhardani,Q124042013,R.A Suhardani
PakubuwanaX,Q2330098,Pakubuwono X
TutiMariniPuspowardojo,Q19749103,Tuti Marini Puspowardojo
Achara,Q45693,Adjara
AbdullahKamil,Q16162613,Abdullah Kamil
WidjiatnoNotomihardjo,Q89912830,Widjiatno Notomihardjo
SitiFridaNaiborhu,Q106462717,Siti Frida Naiborhu
SunartiSriHadiyah,Q101424647,Sunarti Sri Hadiyah
JohannaSunarti,Q123474068,Johanna Sunarti Nasution
IlyasSimanjuntak,Q123945680,Ilyas Simanjuntak
HendrikSie,Q192544,Henryk Siemiradzki
Karsiah,Q53828724,Karsiah Sie
MustaphaHarun,Q201124,Mustapha Harun
SofyanDawood,Q19740396,Sofyan Dawood
MacDonald,Q2778569,Macdonald
MuhammadToha,Q2438221,Muhammad Toha
AbdoelHarisNasoetion,Q317291,Abdul Haris Nasution
OmarAliSaifuddienIII,Q40512,Omar Ali Saifuddien III of Brunei
YusofIshak,Q8061902,Yusof Ishak Secondary School
HaroldWilson,Q128956,Harold Wilson
AMAzahari,Q1026800,A. M. Azahari
DNAidit,Q558979,Dipa Nusantara Aidit
AHNasution,Q317291,Abdul Haris Nasution
AHNasution,Q317291,Abdul Haris Nasution
RodneyMoore,Q3438227,Rodney Moore
YassinAffandi,Q97209678,Yassin Affandi
WalterWalker,Q19881691,Walter Walker
PranotoReksosamudro,Q12506359,Pranoto Reksosamudro
HaroldMacmillan,Q128985,Harold Macmillan
IsmailNasiruddin,Q508133,Ismail Nasiruddin Shah of Terengganu
LeeKuanYew,Q131248,Lee Kuan Yew
TunkuOsman,Q7853262,Tunku Osman Tunku Mohammad Jewa
BongKeeChok,Q26236275,Bong Kee Chok
AbdulRazakHussein,Q264516,Abdul Razak Hussein
AlecDouglasHome,Q128976,Alec Douglas-Home
TuankuSyedPutra,Q4200614,Syed Putra of Perlis
CareyAdamson,Q24266539,Carey Adamson
HasanDiTiro,Q732439,Hasan di Tiro
Juliana,Q12900572,Juliana
BOHutapea,Q97304568,Oloan Hutapea
LouisMountbatten,Q157068,"Louis Mountbatten, 1st Earl Mountbatten of Burma"
FabianusTibo,Q5427731,Fabianus Tibo
AhmadHusein,Q12470956,Ahmad Husein
RobertMansergh,Q7347326,Robert Mansergh
JuliusTahija,Q2108264,Julius Tahija
DirkvanLangen,Q16010336,Dirk van Langen
MarufAmin,Q12497177,Ma'ruf Amin
Njoto,Q12500814,Njoto
SimonSpoor,Q503948,Simon Hendrik Spoor
JisaburOzawa,Q354197,Jisaburō Ozawa
HasandiTiro,Q732439,Hasan di Tiro
Musso,Q47668,Musso
AbdullahSyafii,Q16632414,Abdullah Syafi'i
RinaldyDamanik,Q49250233,Rinaldy Damanik
MarinusRiwu,Q30604393,Marinus Riwu
ZainalAbidinIshak,Q123891633,Zainal Abidin Ishak
DominggusdaSilva,Q30604390,Dominggus da Silva
TanMalaka,Q561682,Tan Malaka
LBMoerdani,Q402998,Leonardus Benjamin Moerdani
JosAblioOsrioSoares,Q710759,José Abílio Osório Soares
HitoshiImamura,Q356347,Hitoshi Imamura
TahiBonarSimatupang,Q4806383,Tahi Bonar Simatupang
SoetanSjahrir,Q19522978,Soetan Sjahrirweg
MoehammadJasin,Q19746300,Mohammad Yasin
SjafruddinPrawiranegara,Q4201482,Sjafruddin Prawiranegara
HendrikvanOyen,Q55809048,Hendrik van Oyen
HubertusvanMook,Q1383895,Hubertus van Mook
AbdulKaharMuzakkar,Q4665459,Abdul Kahar Muzakkar
AmirSjarifuddin,Q1810083,Amir Sjarifuddin
GatotSubroto,Q5261540,Gatot Soebroto
RaymondWesterling,Q723945,Raymond Westerling
PhilipChristison,Q2253173,"Sir Philip Christison, 4th Baronet"
Soetomo,Q3181117,Sutomo
LoaSekHie,Q19358472,Loa Sek Hie
OeripSoemohardjo,Q4250932,Oerip Soemohardjo
TjokordaGdeRakaSoekawati,Q4258815,Tjokorda Gde Raka Soekawati
ConradHelfrich,Q706168,Conrad Emil Lambert Helfrich
PakubuwanaXII,Q7126089,Pakubuwono XII
Wilhelmina,Q150747,Wilhelmina of the Netherlands
SultanHamidII,Q7636656,Syarif Hamid II
AubertinMallaby,Q4191789,Aubertin Walter Sothern Mallaby
MuhammadJusuf,Q20426109,Muhammad Yusuf
GoliathTabuni,Q19725997,Goliath Tabuni
RogrioLobato,Q786377,Rogério Lobato
Prabowo,Q120221151,Prabowo
JacobPrai,Q6119125,Jacob Prai
DjaminGinting,Q12481724,Jamin Ginting
HamengkubuwonoIX,Q76227,Hamengkubuwono IX
AndikaPerkasa,Q18421241,Andika Perkasa
AllenLawrencePope,Q2837906,Allen Lawrence Pope
MaludinSimbolon,Q56007580,Maludin Simbolon
KarelDoorman,Q437690,Karel Doorman
MathiasWenda,Q6787170,Mathias Wenda
AbuBakarBaasyir,Q334810,Abu Bakar Ba'asyir
JafarUmarThalib,Q17053200,Jafar Umar Thalib
LeonardusBenyamin,Q402998,Leonardus Benjamin Moerdani
Moerdani,Q402998,Leonardus Benjamin Moerdani
Sudirman,Q7633880,Sudirman Arshad
DanielJuliusSomba,Q31174065,Daniel Julius Somba
MHLukman,Q6712646,M. H. Lukman
EnduMarsono,Q109725896,Endu Marsono
Soepardjo,Q7641906,Supardjo
SimonHendrikSpoor,Q503948,Simon Hendrik Spoor
JacobRumbiak,Q6119199,Jacob Rumbiak
VentjeSumual,Q12523644,Ventje Sumual
Meyer,Q46767,Meyer
Langen,Q14932,Langen
IsaacJuliusTamala,Q3287614,Isaac Julius Tamaëla
EndriartonoSutarto,Q5361867,Endriartono Sutarto
TakeoTakagi,Q508287,Takeo Takagi
MuzakirManaf,Q17410816,Muzakkir Manaf
RadenSoeprapto,Q954217,Soeprapto
DaudBeureueh,Q5227848,Daud Beureu'eh
DaudBeureueh,Q5227848,Daud Beureu'eh
IbnuHadjar,Q12486189,Ibnu Hadjar
Sukarno,Q76127,Sukarno
SuryadiSuryadarma,Q4843380,Soerjadi Soerjadarma
AlexanderEvertKawilarang,Q7457283,Alexander Evert Kawilarang
Suharto,Q44819,Suharto
JeremyMoore,Q581963,Jeremy Moore
ChrisSoumokil,Q2751708,Chris Soumokil
SusiloYudhoyono,Q57405,Susilo Bambang Yudhoyono
BambangDarmono,Q65208044,Bambang Darmono
ShjiNishimura,Q935282,Shōji Nishimura
BudiGunawan,Q12477379,Budi Gunawan
MrAssaat,Q4808308,Assaat
MegawatiSukarnoputri,Q76179,Megawati Soekarnoputri
ListyoSigit,Q28723955,Listyo Sigit Prabowo
AgusSubiyanto,Q56399696,Agus Subiyanto
BennyWenda,Q2562259,Benny Wenda
EgianusKogoya,Q109436745,Egianus Kogoya
Megawati,Q109450702,Megawati
WAvanHeuven,Q112063711,Willem Anne van Heuven
UntungSyamsuri,Q4251401,Untung Syamsuri
NobutakeKond,Q922241,Nobutake Kondō
ThomasCHart,Q1352544,Thomas C. Hart
KiyotakeKawaguchi,Q575796,Kiyotake Kawaguchi
HeinterPoorten,Q977126,Hein ter Poorten
IbTakahashi,Q713207,Ibō Takahashi
HisaichiTerauchi,Q168339,Hisaichi Terauchi
RichardPeirse,Q7328344,Richard Peirse
ArchibaldWavell,Q315540,"Archibald Wavell, 1st Earl Wavell"
IshakDaud,Q19726605,Ishak Daud
ZainiAbdullah,Q8064854,Zaini Abdullah
ManueldeSousa,Q82521,Manuel De Sousa
WilliamHBeale,Q8005249,William Beale
HelenClark,Q180383,Helen Clark
MariAlkatiri,Q11664,Mari Alkatiri
WilliamBroderick,Q27924993,William Broderick
AlexKawilarang,Q7457283,Alexander Evert Kawilarang
JoopWarouw,Q20668260,Joop Warouw
SlametRijadi,Q4188833,Slamet Rijadi
JohnHoward,Q51330,John Howard
BudiDjiwandono,Q65209610,Budi Djiwandono
ThomasDjiwandono,Q65210174,Thomas Djiwandono
SoejonoDjojohadikusumo,Q56400137,Soejono Djojohadikoesumo
AniYudhoyono,Q4200758,Ani Yudhoyono
MiriamBudiardjo,Q12498605,Miriam Budiardjo
AnnisaPohan,Q7806784,Annisa Pohan
Danukromo,Q109439782,Danukromo
AgusWirahadikusumah,Q4694606,Agus Wirahadikusumah
KarinaSalim,Q16187589,Karina Salim
TaufikHidayat,Q660145,Taufik Hidayat
LadyaCheryl,Q16172449,Ladya Cheryl
BobbyNasution,Q54200649,Bobby Nasution
JezzieSetiawan,Q67203340,Jezzie Setiawan
AlshadAhmad,Q108414420,Alshad Ahmad
NagitaSlavina,Q12499874,Nagita Slavina
HSupardi,Q109449990,Supardi
RogerioLobato,Q786377,Rogério Lobato
PayungBangun,Q119279354,Payung Bangun
HasanBasri,Q12485388,Hasan Basri
DylanSada,Q123486291,Dylan Sada
KholilalBangkalani,Q28355695,Muhammad Kholil al-Bangkalani
AbikoesnoTjokrosoejoso,Q4667741,Abikusno Tjokrosujono
MaiaEstianty,Q4349443,Maia Estianty
SekarmadjiMaridjanKartosoewirjo,Q4198008,Sekarmadji Maridjan Kartosuwirjo
Semaoen,Q4415079,Semaun
PakubuwonoIII,Q2099707,Pakubuwono III
AryoDjojohadikusumo,Q59656271,Aryo Djojohadikusumo
RahayuSaraswatiDjojohadikusumo,Q19731920,Rahayu Saraswati
IsmedMNoor,Q12486820,Ismed M. Noor
AriSihasale,Q5703873,Ari Sihasale
IraWibowo,Q11230131,Ira Wibowo
NisyaAhmad,Q104882545,Nisya Ahmad
IGustiAyuAgungIndaTrimafoYudha,Q122809379,I.G.A. Agung Inda Trimafo Yudha
relatives,Q4395981,Family Relations
MaruliSimanjuntak,Q19728927,Maruli Simanjuntak
TeukuNyakArif,Q3958199,Teuku Nyak Arif
AgusSalim,Q118629,Agus Salim
CantikaAbigail,Q110103834,Cantika Abigail
PanduPatriaSjahrir,Q97217964,Pandu Patria Sjahrir
NurmalaKartiniPandjaitan,Q12501029,Nurmala Kartini Sjahrir
AbdulHalimIskandar,Q72061441,Abdul Halim Iskandar
FuadAminImron,Q19943268,Fuad Amin Imron
UllySigarRusady,Q19744687,Ully Sigar Rusady
ReiniWirahadikusumah,Q84582188,Reini Wirahadikusumah
UkarBratakusumah,Q17410446,Ukar Bratakusumah
SyahnazSadiqah,Q17411182,Syahnaz Sadiqah
TeukuMohammadHadiThayeb,Q12485046,Hadi Thayeb
SjarifuddinBaharsjah,Q12515630,Sjarifuddin Baharsjah
key,Q132041,key
BimoSetiawanAlmachzumi,Q7314466,Bimo Setiawan Almachzumi
Sakirman,Q17411209,Sakirman
PoempidaHidayatulloh,Q12505908,Poempida Hidayatulloh
ChairaniKalla,Q25461644,Chairani Kalla
MufidahJusufKalla,Q7804233,Mufidah Jusuf Kalla
KatonBagaskara,Q5958642,Katon Bagaskara
HoegengImamSantoso,Q4595763,Hoegeng Imam Santoso
RichardKevin,Q87206659,Richard C Kevin
FayeSimanjuntak,Q72456512,Faye Simanjuntak
Sjahrir,Q7659441,Syahrir
RitchieIsmail,Q107546790,Ritchie Ismail
RaffiAhmad,Q1390640,Raffi Ahmad
IndrataNurBayuaji,Q109430785,Indrata Nur Bayuaji
FranciscusWelirang,Q16177429,Franciscus Welirang
NugrohoWisnumurti,Q7068774,Nugroho Wisnumurti
AnwarUsman,Q90676462,Anwar Usman
PakubuwanaVI,Q1976278,Pakubuwono VI
SultanMahmudSyah,Q3244637,Mahmud Shah
DyahPitalokaCitraresmi,Q4262819,Dyah Pitaloka Citraresmi
AmangkuratI,Q2270649,Amangkurat I of Mataram
SultanAgungdariMataram,Q1771129,The Great Sultan of Mataram
PakubuwanaV,Q4273436,Pakubuwono V
MangkunegaraII,Q2093810,Mangkunegara II
SultanMuhammadBahauddin,Q97306936,Sultan Muhammad Bahauddin
PakubuwanaIX,Q2417617,Pakubuwono IX
IskandarMudadariAceh,Q375774,Iskandar Muda
PakubuwanaIII,Q2099707,Pakubuwono III
HayamWuruk,Q29085,Hayam Wuruk
Anyakrawati,Q6654713,Anyakrawati
AmangkuratIII,Q1866639,Amangkurat III of Mataram
KiaiMadja,Q13094553,Kyai Madja
SultanAlauddinRiayatSyah,Q4708854,Alauddin Riayat Shah of Malacca
Linggabuana,Q109432944,Linggabuana
HamengkubuwanaX,Q2669342,Hamengkubuwana X
Baabullah,Q48981459,the Sultan Baabullah of Ternate
PakubuwanaXI,Q1820550,Pakubuwono XI
IGustiNgurahMadeAgung,Q24284595,I Gusti Ngurah Made Agung
PakubuwanaII,Q1903767,Pakubuwono II
HamengkubuwanaIII,Q2430565,Hamengkubuwono III
MangkunegaraI,Q669258,Mangkunegara I
HamengkubuwanaII,Q2509252,Hamengkubuwono II
HidayatullahIIdariBanjar,Q12485644,Hidayatullah II of Banjar
BatahaSantiago,Q56392099,Bataha Santiago
PangeranAnglingkusumo,Q20426687,Pangeran Anglingkusumo
Wikramawardhana,Q12452603,Wikramawardhana
JohanHarmenRudolfKhler,Q2417214,Johan Köhler
AmangkuratV,Q12507634,Amangkurat V of Mataram
SultanHasanuddin,Q1616295,Hasanuddin of Gowa
JanvanSwieten,Q2465070,Jan van Swieten
AndiMappanyukki,Q12472020,Andi Mappanyukki
JisaburoOzawa,Q354197,Jisaburō Ozawa
AmangkuratIV,Q748484,Amangkurat IV of Mataram
HamengkubuwanaI,Q1135417,Hamengkubuwono I
KhairunJamildariTernate,Q12491587,Khairun Jamil dari Ternate
PakubuwanaVII,Q2009448,Pakubuwono VIII
UntungSuropati,Q2915833,Untung Surapati
SulaimandariBanjar,Q12517283,Sulaiman from Banjar
PakubuwanaI,Q2439218,Pakubuwono I
IGustiKetutJelantik,Q29345,Gusti Ketuk Jelantik
AndiAbdullahBauMassepe,Q14555011,Andi Abdullah Bau Massepe
Pattimura,Q2784089,Pattimura
HimayatuddinMuhammadSaidi,Q85991561,Himayatuddin Muhammad Saidi
Jayakatwang,Q6167478,Jayakatwang
KubilaiKhan,Q86084986,Kubilai Khan
PakuAlamI,Q2342097,Paku Alam I
TirtayasadariBanten,Q2914017,Tirtayasa
ThahaSyaifuddindariJambi,Q12521177,Thaha Syaifuddin
Diponegoro,Q28899,Diponegoro
ShojiNishimura,Q935282,Shōji Nishimura
Toskana,Q96621801,Toskana Fraktion
KesultananAceh,Q1061057,Aceh Sultanate
KesultananBanjarmasin,Q1660566,Sultanate of Banjar
PerusahaanHindiaTimurBelanda,Q159766,Dutch East India Company
TentaraKerajaanHindiaBelanda,Q523553,Royal Netherlands East Indies Army
ImperiumPortugal,Q200464,Portuguese Empire
KesunananSurakarta,Q2122499,Surakarta Sunanate
KerajaanSunda,Q1469742,Sunda Kingdom
KesultananMataram,Q402145,Mataram Sultanate
Persia,Q794,Iran
KerajaanKlungkung,Q11299497,Kingdom of Klungkung
Nassau,Q2467,Nassau
AngkatanLautKerajaanBelanda,Q931281,Royal Netherlands Navy
Bavaria,Q980,Bavaria
KesultananYogyakarta,Q2114397,Yogyakarta Sultanate
KerajaanBuleleng,Q16171688,Kerajaan Buleleng
KadipatenWarsawa,Q152115,Duchy of Warsaw
PasukanTulungan,Q56390451,Pasukan Tulungan
KemaharajaanMajapahit,Q49326,Majapahit
KerajaanCochin,Q150056,Kingdom of Cochin
RepublicofChina,Q865,Taiwan
Napoli,Q2634,Naples
Swiss,Q39,Switzerland
Montenegro,Q236,Montenegro
KonfederasiSwiss,Q435583,Old Swiss Confederacy
KepangerananLuccadanPiombino,Q1995553,Principality of Lucca and Piombino
Tirol,Q42880,Tyrol
Holandia,Q84265918,Holandia
Etruria,Q206730,Etruria
Hanover,Q1715,Hanover
KaumAdat,Q12489896,Kaum Adat
Sriwijaya,Q234197,Srivijaya
DutchRepublic,Q170072,Dutch Republic
KerajaanBlambangan,Q287996,Kingdom of Blambangan
PerusahaanHindiaTimur,Q20426148,Perusahaan Hindia Timur
KesultananJohor,Q1150344,Johor Sultanate
KaumPadri,Q11939750,Padri
Hungaria,Q153668,434 Hungaria
Majapahit,Q49326,Majapahit
Kastilia,Q736190,Kashtiliash IV
SelimIII,Q199633,Selim III
JeanLannes,Q273032,Jean Lannes
IkeMese,Q12486304,Ike Mese
MichaelAndreasBarclaydeTolly,Q157632,Michael Andreas Barclay de Tolly
RobertRolloGillespie,Q7361287,Robert Rollo Gillespie
PangeranPuger,Q2439218,Pakubuwono I
PiusVII,Q124754,Pius VII
MahmudII,Q174791,Mahmud II
MartimAfonsodeCastro,Q6774781,Martim Afonso de Castro
EdwardTucker,Q75687975,Edward Tucker
ChristopherCole,Q5112126,Christopher Cole
GustaafWillembaronvanImhoff,Q76744,Gustaaf Willem van Imhoff
PakubuwonoII,Q1903767,Pakubuwono II
CakraningratIV,Q12478186,Cakraningrat IV
RobertStopford,Q7884480,Robert Stopford
HabibAbdurrahmanAzZahir,Q1830255,Habib Abdoe'r Rahman Alzahier
Sora,Q117382,Sora
TeukuBenMahmud,Q120202869,Teuku Ben Mahmud
JamesMadison,Q11813,James Madison
MichelNey,Q40756,Michel Ney
GustaveVerspyck,Q1945403,Gustave Marie Verspyck
PangeranAntasari,Q12492103,Pangeran Antasari Cemetery
AminUllah,Q90113607,Amin Ullah
JohannesThedens,Q2011665,Johannes Thedens
PangeranSambernyawa,Q669258,Mangkunegara I
PangeranMangkubumi,Q1135417,Hamengkubuwono I
NicolaasHartingh,Q126894661,Nicolaas Hartingh
JohnMoore,Q55313466,John P. Moore
FeliceBaciocchi,Q675151,Felice Pasquale Baciocchi
RadenWijaya,Q49334,Raden Wijaya
AlexanderI,Q15193,Alexander I of Russia
SubhasChandraBose,Q2153,Subhas Chandra Bose
GajahMada,Q49329,Gajah Mada
JanWillemJanssens,Q2201389,Jan Willem Janssens
SamuelAuchmuty,Q3946612,Samuel Auchmuty
NapoleonI,Q517,Napoleon
GeorgeIII,Q127318,George III of Great Britain
HendrikMerkusdeKock,Q981540,Hendrik Merkus de Kock
FerdinandVII,Q186256,Ferdinand VII of Spain
EmmanueldeGrouchy,Q333821,"Emmanuel de Grouchy, Marquis de Grouchy"
JohnCrawfurd,Q1352013,John Crawfurd
ThomasStamfordRaffles,Q130327,Thomas Stamford Raffles
SentotPrawirodirdjo,Q12513668,Sentot Prawirodirdjo
ArmandAugustinLouisdeCaulaincourt,Q678016,Armand Augustin Louis de Caulaincourt
CharlesJohn,Q5686,Charles Dickens
AdriaanValckenier,Q2105956,Adriaan Valckenier
Penggugat,Q468489,plaintiff
AndreasHofer,Q11697,Andreas Hofer
RolloGillespie,Q7361287,Robert Rollo Gillespie
JohanCornelisvanderWijck,Q2172280,Johan Cornelis van der Wijck
PangeranPurbaya,Q12502609,Pangéran Purbaya
George,Q48438,Saint George
KarelvanderHeijden,Q2102388,Karel van der Heijden
WilliamPitt,Q128902,William Pitt the Younger
JohannesBenedictusvanHeutsz,Q3166126,J. B. van Heutsz
FathAliShahQajar,Q175299,Fath-Ali Shah Qajar
VictorEmmanuelI,Q175250,Vittorio Emanuele I of Sardinia
TanJinSing,Q25464069,Tan Jin Sing
MuhammadAliPasha,Q31284476,Kavala Imaret
Singseh,Q58418807,Singseh
HermanWillemDaendels,Q741772,Herman Willem Daendels
WangJingwei,Q22303,Wang Jingwei
FrederickI,Q151826,Frederick I of Prussia
CharlesIV,Q155669,Charles IV
NicolasCharlesOudinot,Q156373,Nicolas Oudinot
TeungkuFakinah,Q12521134,Teungku Fakinah
FrederickVI,Q155002,Frederick VI of Denmark
JeandeDieuSoult,Q296023,Jean-de-Dieu Soult
SultanMahmudBadaruddinII,Q122798694,Sultan Mahmud Badaruddin II
DewaAgungJambeII,Q123385680,Dewa Agung Jambe II
ClaudeVictor,Q55435674,Claude-Victor
TuankuPasaman,Q12522444,Tuanku Lintau
RajaSunda,Q82854019,Raja Sundararajan
MiguelPereiraForjaz,Q6844727,Miguel Pereira Forjaz
PetrusAlbertusvanderParra,Q2328269,Petrus Albertus van der Parra
WongAgungWilis,Q19749248,Wong Agung Wilis
SultanMuhammadDaudSyah,Q12499353,Alauddin Muhammad Da'ud Syah II
TuankuRao,Q12522447,Tuanku Rao
TuankuTambusai,Q7850644,Tuanku Tambusai
Nambi,Q17997567,SMA Negeri 69 Jakarta
drKariadi,Q4264984,Dr. Kariadi Hospital
AryaWiraraja,Q97307359,Arya Wiraraja bus station
Gaoxing,Q16503003,204710 Gaoxing
KarlPhilippvonWrede,Q64759,Carl Philipp von Wrede
CutNyakDhien,Q2183970,Cut Nyak Dhien
JanJacobKareldeMoulin,Q2394643,Jan Jacob Karel de Moulin
JohannesPel,Q1430988,Johannes Pelcking
HenryDemmeni,Q2684334,Henry Demmeni
TeukuUmar,Q2648661,Teuku Umar
PocutMeuligoe,Q14934670,Pocut Meuligoë
CutMeutia,Q21705839,Cut Meutia
Shibi,Q45606107,Shi Bi
PanglimaPolem,Q2516834,Panglima Polem IX
TeungkuChikdiTiro,Q4199231,Teungku Chik di Tiro
FrederickWilliamIII,Q37134,Frederick William III of Prussia
NyiAgengSerang,Q3655984,Nyi Ageng Serang
TuankuImamBonjol,Q145877,Imam Bonjol
MikhailKutuzov,Q185801,Mikhail Kutuzov
MarinusBernardusRostvanTonningen,Q936928,Marinus Bernardus Rost van Tonningen
vanHasselt,Q21452292,van Hasselt
GustavIVAdolf,Q52929,Gustav IV Adolf of Sweden
PangeranHidayatullah,Q12485644,Hidayatullah II of Banjar
LaurentdeGouvionSaintCyr,Q347652,Laurent Gouvion Saint-Cyr
BonAdrienJeannotdeMoncey,Q350662,Bon-Adrien Jeannot de Moncey
LouisAlexandreBerthier,Q155734,"Louis-Alexandre Berthier, Prince of Neufchatel and of Wagram"
CharlesAlten,Q70484,Charles Alten
DemangLehman,Q12481200,Demang Lehman
TunAbdulJamil,Q7452276,Tun Abdul Jamil
BhreWirabhumi,Q12504843,Regreg War
GuoLiuGuan,Q12525440,Ze Hai Zhen Ren
JeromeI,Q187822,Jerome Isaac Friedman
HoratioNelson,Q83235,Horatio Nelson
PyotrBagration,Q239260,Pyotr Bagration
LouisNicolasDavout,Q158778,Louis-Nicolas Davout
LouisI,Q43974,Louis the Pious
FerdinandIII,Q150575,"Ferdinand III, Holy Roman Emperor"
MaximilianI,Q150726,Maximilian I
Hirohito,Q34479,Hirohito
MariaI,Q154412,Mary I of Hungary
LouisXVIII,Q7750,Louis XVIII of France
FerdinandIV,Q157103,"Ferdinand IV, King of the Romans"
AloisvonReding,Q335977,Alois von Reding
PierreCharlesVilleneuve,Q315255,Pierre-Charles Villeneuve
JeanBaptisteJourdan,Q250003,Jean-Baptiste Jourdan
CharlesXIII,Q52928,Charles XIII of Sweden
JosephI,Q1707280,Joseph I
HenryAddington,Q312577,"Henry Addington, 1st Viscount Sidmouth"
JoachimMurat,Q151173,Joachim Murat
FrancisI,Q1058272,Francis I
JacquesMacDonald,Q298784,Étienne Jacques Joseph Alexandre Macdonald
MaximilianIJoseph,Q44319,Maximilian I Joseph of Bavaria
JeanAndocheJunot,Q353907,Jean-Andoche Junot
FrederickAugustusI,Q53444,Friedrich August I of Saxony
AbbasMirza,Q80226,Abbas Mirza
LouisGabrielSuchet,Q316518,Louis-Gabriel Suchet
WilliamBeresford,Q75355577,Lord William Beresford
JeanBaptisteJulesBernadotte,Q52927,Charles XIV John of Sweden
RobertJenkinson,Q26213321,Robert Jenkinson
PlaekPibulsonggram,Q152777,Plaek Phibunsongkhram
RajendraChola,Q211483,Rajendra Chola I
RonggoPrawirodirjoIII,Q25463122,Ronggo Prawirodirdjo III
ManueldeSousaCoutinho,Q3286972,Manuel de Sousa Coutinho
PanjiMargono,Q19752361,Panji Margono
CutGambang,Q124317113,Cut Gambang
PakuAlamIX,Q2591497,Paku Alam IX
AlidiusTjardavanStarkenborghStachouwer,Q457517,Alidius Tjarda van Starkenborgh Stachouwer
Soengkono,Q85994455,Soengkono
Moestopo,Q4259171,Moestopo
Sutomo,Q3181117,Sutomo
Moekijat,Q24284576,Moekijat
DouglasMacArthur,Q127417,Douglas MacArthur
ListyoSigitPrabowo,Q28723955,Listyo Sigit Prabowo
Assaat,Q4808308,Assaat
JaminGinting,Q12481724,Jamin Ginting
HubertusJohannesvanMook,Q1383895,Hubertus van Mook
TeungkuHasanKruengKalee,Q25688445,Teungku Hasan Krueng Kalee
MichiakiKamada,Q3424805,Michiaki Kamada
ThomasKinkaid,Q202365,Thomas Cassin Kinkaid
BabaMasao,Q797538,Masao Baba
Djampi,Q109020554,Djampiel
PangSuma,Q12502578,Pang Suma
Nagatani,Q100254266,Nagatani
DirkCornelisBuurmanvanVreeden,Q3177573,Dirk Cornelis Buurman van Vreeden
Mollinger,Q2193899,Alexander Mollinger
DaanMogot,Q12479731,Daan Mogot
LudolphHendrikvanOyen,Q2718586,Ludolph Hendrik van Oyen
Kariadi,Q56400146,Kariadi
DirkReinhardAdelbertvanLangen,Q16010336,Dirk van Langen
ArchibaldWavell1stEarlWavell,Q315540,"Archibald Wavell, 1st Earl Wavell"
LeslieMorshead,Q4303510,Leslie Morshead
SaalahYusufSutanMangkuto,Q19747581,Saalah Yusuf Sutan Mangkuto
WilhelminadariBelanda,Q150747,Wilhelmina of the Netherlands
AdamBB,Q16163184,Adam B.B.
SyarifHamidIIdariPontianak,Q7636656,Syarif Hamid II
AbdulkadirWidjojoatmodjo,Q2791037,Abdul Kadir Widjojoatmodjo
IsmaelLengah,Q12486815,Ismael Lengah
MangkunegaraVIII,Q2324513,Mangkunegara VIII
AmirSjarifoeddin,Q1810083,Amir Sjarifuddin
JulianadariBelanda,Q154946,Juliana of the Netherlands
RepublikIndonesia,Q252,Indonesia
SukuDayakDesa,Q26205191,Dayah Desa Tribe
BKR,Q3886971,Bokoro Airport
PUSA,Q176430,The Presidents of the United States of America
TRI,Q754,Trinidad and Tobago
TKR,Q14901081,Ntrk1
MilitanIslam,Q847731,Islamic terrorism
TentaraKeamananRakyat,Q855515,Indonesian National Armed Forces
