iri,alias
KerusuhanPoso,"{'language': 'en', 'value': 'Poso conflict'}"
KerusuhanPoso,"{'language': 'en', 'value': 'Poso communal conflict'}"
KerusuhanPoso,"{'language': 'en', 'value': 'Poso communal riots'}"
InvasiIndonesiakeTimorTimur,"{'language': 'en', 'value': 'Operation Lotus'}"
KonfrontasiIndonesia-Malaysia,"{'language': 'en', 'value': 'Indonesia-Malaysia confrontation'}"
KonfrontasiIndonesia-Malaysia,"{'language': 'en', 'value': 'Borneo confrontation'}"
KonfrontasiIndonesia-Malaysia,"{'language': 'en', 'value': 'Indonesian confrontation in Malaysia'}"
KonfrontasiIndonesia-Malaysia,"{'language': 'en', 'value': 'Konfrontasi'}"
PertempuranKumai,"{'language': 'en', 'value': 'Battle of 14th January'}"
SeranganUmum1Maret1949,"{'language': 'en', 'value': 'General Offensive of 1 March 1949'}"
KampanyeHindiaBelanda,"{'language': 'en', 'value': 'Netherlands East Indies Campaign'}"
PertempuranMedanArea,"{'language': 'en', 'value': 'Battle of Medan Area'}"
RevolusiNasionalIndonesia,"{'language': 'en', 'value': 'Indonesian War of Independence'}"
RevolusiNasionalIndonesia,"{'language': 'en', 'value': 'Indonesian Revolution'}"
RevolusiNasionalIndonesia,"{'language': 'en', 'value': 'Indonesian National Struggle'}"
RevolusiNasionalIndonesia,"{'language': 'en', 'value': 'Indonesian Revolutionary War'}"
GegerSepehi,"{'language': 'en', 'value': 'Gègèr Sepèi'}"
GegerSepehi,"{'language': 'en', 'value': 'Geger Sepehi'}"
PerangDiponegoro,"{'language': 'en', 'value': 'Diponegoro War'}"
PierreTendean,"{'language': 'en', 'value': 'Pierre Andries Tendean'}"
SumantriBrodjonegoro,"{'language': 'en', 'value': 'Satryo S. Brodjonegoro'}"
MuammarKhadafi,"{'language': 'en', 'value': 'Dr. Muammar Khadafie'}"
KaharMuzakir,"{'language': 'en', 'value': 'Drs. H. Kahar Muzakir'}"
SayidimanSuryohadiprojo,"{'language': 'en', 'value': 'Sayidiman Suryohadiprojo'}"
MervinSadipunKomber,"{'language': 'en', 'value': 'Dr. Mervin Sadipun Komber, S.T., S.E., M.M.'}"
AjitSingh,"{'language': 'en', 'value': 'Chaudhary Ajit Singh'}"
RanoKarno,"{'language': 'en', 'value': 'H. Rano Karno'}"
RanoKarno,"{'language': 'en', 'value': 'H. Rano Karno, S.Ip.'}"
BomerPasaribu,"{'language': 'en', 'value': '(Ipb). H.Bomer Pasaribu'}"
SubagyoHadiSiswoyo,"{'language': 'en', 'value': 'Subagyo HS'}"
AirlanggaHartarto,"{'language': 'en', 'value': 'Airlangga Hartanto'}"
AirlanggaHartarto,"{'language': 'en', 'value': 'H.E. Airlangga Hartarto'}"
YogiSupardi,"{'language': 'en', 'value': 'KPH Haryogi Supardi Mangunwinoto'}"
YogiSupardi,"{'language': 'en', 'value': 'Ignatius Yogi Supardi'}"
ImanuelEkadianusBlegur,"{'language': 'en', 'value': 'Dr. Imanuel Ekadianus Blegur, S.Sos., M.Si.'}"
ImanuelEkadianusBlegur,"{'language': 'en', 'value': 'Immanuel Blegur'}"
ImanuelEkadianusBlegur,"{'language': 'en', 'value': 'Ima Blegur'}"
ImanuelEkadianusBlegur,"{'language': 'en', 'value': 'Emanuel Blegur'}"
BambangSoesatyo,"{'language': 'en', 'value': 'Dr. Bambang Soesatyo, S.E.'}"
MahfudMD,"{'language': 'en', 'value': 'Mohammad Mahfud'}"
MahfudMD,"{'language': 'en', 'value': 'Mohammad Mahfud MD'}"
MahfudMD,"{'language': 'en', 'value': 'Mohammad Mahfud Mahmodin Damanik'}"
MahfudMD,"{'language': 'en', 'value': 'Mohammad Mahfud Mahmodin'}"
MahfudMD,"{'language': 'en', 'value': 'Mahfud M.D.'}"
MahfudMD,"{'language': 'en', 'value': 'Prof. Dr. H. Mohammad Mahfud Mahmodin, S.H., S.U., M.I.P'}"
MahfudMD,"{'language': 'en', 'value': 'Prof.Dr. Moh.Mahfud Md'}"
MahfudMD,"{'language': 'en', 'value': 'Prof. Dr. Mahfud MD'}"
AchmadSoebardjo,"{'language': 'en', 'value': 'Raden Ahmad Soebardjo Djojoadisoerjo'}"
AchmadSoebardjo,"{'language': 'en', 'value': 'Achmad Soebardjo Djojoadisoerjo'}"
AchmadSoebardjo,"{'language': 'en', 'value': 'Achmad Subardjo'}"
AmienRais,"{'language': 'en', 'value': 'Muhammad Amien Rais'}"
MooryatiSoedibyo,"{'language': 'en', 'value': 'The Royal Highest Princess Mooryati Soedibyo of Surakarta Sunanate'}"
T.B.Simatupang,"{'language': 'en', 'value': 'T.B. Simatupang'}"
LodewijkFreidrichPaulus,"{'language': 'en', 'value': 'Lodewijk F. Paulus'}"
LodewijkFreidrichPaulus,"{'language': 'en', 'value': 'Lodewijk F Paulus'}"
LodewijkFreidrichPaulus,"{'language': 'en', 'value': 'Lodewijk F. Paulus, S.Hub.Int.'}"
SariYuliati,"{'language': 'en', 'value': 'Ir. Hj. Sari Yuliati, M.T.'}"
DaveLaksono,"{'language': 'en', 'value': 'Dave Akbarshah Fikarno Laksono'}"
DaveLaksono,"{'language': 'en', 'value': 'Dave Akbarshah Firkarno'}"
DaveLaksono,"{'language': 'en', 'value': 'Dave Akbarshah Firkarno, M.E.'}"
DaveLaksono,"{'language': 'en', 'value': 'Dave Laksono'}"
ZaenalMa'arif,"{'language': 'en', 'value': ""Zaenal Ma'arif""}"
IshakMekki,"{'language': 'en', 'value': 'Ir. H. Ishak Mekki, M.M.'}"
AkbarTanjung,"{'language': 'en', 'value': 'Akbar Tandjung'}"
AkbarTanjung,"{'language': 'en', 'value': 'Djandji Akbar Zahiruddin Tandjung'}"
MuchdiPurwoprandjono,"{'language': 'en', 'value': 'Muchdi Purwopranjono'}"
J.B.Sumarlin,"{'language': 'en', 'value': 'Johannes Baptista Sumarlin'}"
AriefPatanga,"{'language': 'en', 'value': 'Arief Patanga'}"
GatotSoebroto,"{'language': 'en', 'value': 'Gatot Subroto'}"
OemarSenoAdji,"{'language': 'en', 'value': 'Umar Seno Adji'}"
OemarSenoAdji,"{'language': 'en', 'value': 'Oemar Senoadji'}"
OemarSenoAdji,"{'language': 'en', 'value': 'Umar Seno Aji'}"
HidayatNurWahid,"{'language': 'en', 'value': 'Dr. H. Muhammad Hidayat Nur Wahid'}"
HidayatNurWahid,"{'language': 'en', 'value': 'Dr. H. M. Hidayat Nur Wahid, M.A.'}"
FahriHamzah,"{'language': 'en', 'value': 'H. Fahri Hamzah, S.E.'}"
Tarub,"{'language': 'en', 'value': 'Kecamatan Tarub'}"
Tarub,"{'language': 'en', 'value': 'Tarub District'}"
GitaWirjawan,"{'language': 'en', 'value': 'Gita Irawan Wirjawan'}"
GitaWirjawan,"{'language': 'en', 'value': 'H.E. Gita Irawan Wirjawan'}"
AgusHermanto,"{'language': 'en', 'value': 'Prof. Dr. Agus Hermanto'}"
HuseinMutahar,"{'language': 'en', 'value': 'H. Mutahar'}"
BandjelaPaliudju,"{'language': 'en', 'value': 'Hi. Bandjela Paliudju'}"
JustikaBaharsjah,"{'language': 'en', 'value': 'Justika Sjarifuddin Baharsjah'}"
ArifinSiregar,"{'language': 'en', 'value': 'Arifin Mohamed Siregar'}"
FransSeda,"{'language': 'en', 'value': 'Franciscus Xaverius Seda'}"
HasriAinunBesari,"{'language': 'en', 'value': 'Hasri Ainun Besari'}"
HasriAinunBesari,"{'language': 'en', 'value': 'dr. Hj. Hasri Ainun Besari'}"
PeterCosgrove,"{'language': 'en', 'value': 'Peter John Cosgrove'}"
PeterCosgrove,"{'language': 'en', 'value': 'Sir Peter Cosgrove'}"
Djatikoesoemo,"{'language': 'en', 'value': 'Djatikusumo'}"
Djatikoesoemo,"{'language': 'en', 'value': 'GPH Djatikusumo'}"
SabamSirait,"{'language': 'en', 'value': 'Sabam Gunung Panangian Sirait'}"
SetyaNovanto,"{'language': 'en', 'value': 'Setnov'}"
MohamadHekal,"{'language': 'en', 'value': 'Mohamad Hekal, B.Sc., M.B.A.'}"
Muladi,"{'language': 'en', 'value': 'muwallad'}"
Muladi,"{'language': 'en', 'value': 'musālimah'}"
Muladi,"{'language': 'en', 'value': 'spanish muslim'}"
Muladi,"{'language': 'en', 'value': 'muslim'}"
DjoehanaWiradikarta,"{'language': 'en', 'value': 'Rd Moehamad Djoehana Wiradikarta'}"
DjoehanaWiradikarta,"{'language': 'en', 'value': 'Raden Moehamad Djoehana Wiradikarta'}"
AlamsyahRatuPerwiranegara,"{'language': 'en', 'value': 'Alamsjah Ratoe Perwiranegara'}"
LukitaDinarsyahTuwo,"{'language': 'en', 'value': 'Lukita Tuwo'}"
M.Sarbini,"{'language': 'en', 'value': 'H.M. Sarbini Martodihardjo'}"
W.A.F.J.Tumbelaka,"{'language': 'en', 'value': 'Willem ""Wim"" Alexander Frederick Joseph Tumbelaka'}"
DewiAsmara,"{'language': 'en', 'value': 'Hj. Dewi Asmara, S.H., M.H.'}"
AmirMachmud,"{'language': 'en', 'value': 'Amirmachmud'}"
SoemitroDjojohadikoesoemo,"{'language': 'en', 'value': 'Sumitro Djojohadikusumo'}"
PurwotoGandasubrata,"{'language': 'en', 'value': 'Purwoto Suhadi Gandasubrata'}"
PurwotoGandasubrata,"{'language': 'en', 'value': 'Purwoto S. Gandasubrata'}"
HadiThayeb,"{'language': 'en', 'value': 'Teuku Mohammad Hadi Thayeb'}"
AbdulHarisNasution,"{'language': 'en', 'value': 'A.H. Nasution'}"
AbdulHarisNasution,"{'language': 'en', 'value': 'AH Nasution'}"
AbdulHarisNasution,"{'language': 'en', 'value': 'Pak Nas'}"
PrabowoSubianto,"{'language': 'en', 'value': 'Prabowo Soebianto'}"
PrabowoSubianto,"{'language': 'en', 'value': 'Prabowo Subianto Djojohadikusumo'}"
MohammadSyafa'atMintaredja,"{'language': 'en', 'value': 'Mohammad Syafaat Mintaredja'}"
PakuAlamVIII,"{'language': 'en', 'value': 'Sri Paku Alam VIII'}"
PakuAlamVIII,"{'language': 'en', 'value': 'Pakoe Alam K.G.P.A.A.'}"
DaoedJoesoef,"{'language': 'en', 'value': 'Daud Jusuf'}"
DaoedJoesoef,"{'language': 'en', 'value': 'Daud Yusuf'}"
KharisSuhud,"{'language': 'en', 'value': 'Mohammad Kharis Suhud'}"
D.I.Pandjaitan,"{'language': 'en', 'value': 'Donald Isaac Pandjaitan'}"
EuricoGuterres,"{'language': 'en', 'value': 'Eurico Guterres, S.E., M.M.'}"
EuricoGuterres,"{'language': 'en', 'value': 'Eurico Barros Gomes Guterres'}"
XananaGusmão,"{'language': 'en', 'value': 'Kay Rala Xanana Gusmão'}"
XananaGusmão,"{'language': 'en', 'value': 'José Alexandre Gusmão'}"
MegawatiSoekarnoputri,"{'language': 'en', 'value': 'Ibu Mega'}"
MegawatiSoekarnoputri,"{'language': 'en', 'value': 'Diah Permata Megawati Setiawati Sukarnoputri'}"
MegawatiSoekarnoputri,"{'language': 'en', 'value': 'Megawati Sukarnoputri'}"
MegawatiSoekarnoputri,"{'language': 'en', 'value': 'Mbak Mega'}"
MegawatiSoekarnoputri,"{'language': 'en', 'value': 'Megawati Taufik Kiemas'}"
MegawatiSoekarnoputri,"{'language': 'en', 'value': 'H.E. Ms. Megawati Soekarno Putri'}"
Moerdiono,"{'language': 'en', 'value': 'Minister/State Secretary Moerdiono'}"
Hartini,"{'language': 'en', 'value': 'Hartini Sukarno'}"
Hartini,"{'language': 'en', 'value': 'Siti Suhartini'}"
SitiHardijantiRukmana,"{'language': 'en', 'value': 'Siti Hardiyanti Rukmana'}"
SitiHardijantiRukmana,"{'language': 'en', 'value': 'Siti Hardijanti Rukmara'}"
OesmanSaptaOdang,"{'language': 'en', 'value': 'Dr. (h.C.) Oesman Sapta'}"
OesmanSaptaOdang,"{'language': 'en', 'value': 'Oesman Sapta'}"
AlexAsmasoebrata,"{'language': 'en', 'value': 'A.S Alex Asma Soebrata'}"
TommySoeharto,"{'language': 'en', 'value': 'Tommy Soeharto'}"
TommySoeharto,"{'language': 'en', 'value': 'Hutomo Mandala Putra'}"
SitiHartinah,"{'language': 'en', 'value': 'Siti Hartinah'}"
SitiHartinah,"{'language': 'en', 'value': 'Ibu Tien'}"
SitiHartinah,"{'language': 'en', 'value': 'Suhartinah Suharto'}"
SitiHartinah,"{'language': 'en', 'value': 'Raden Ayu Siti Hartinah'}"
SitiHartinah,"{'language': 'en', 'value': 'Hj. Fatimah Siti Hartinah Suharto'}"
KemalIdris,"{'language': 'en', 'value': 'Ahmad Kemal Idris'}"
KemalIdris,"{'language': 'en', 'value': 'Ahmed Kemal Idris'}"
Fatmawati,"{'language': 'en', 'value': 'Fatmawati Soekarno'}"
JusufWanandi,"{'language': 'en', 'value': 'Jusuf Wanandi'}"
Soeharto,"{'language': 'en', 'value': 'Soeharto (family name)'}"
Soeharto,"{'language': 'en', 'value': 'Soeharto (surname)'}"
SayutiMelik,"{'language': 'en', 'value': 'Mohamad Ibnu Sayuti'}"
MaradenPanggabean,"{'language': 'en', 'value': 'Maraden Saur Halomoan Panggabean'}"
SusiloBambangYudhoyono,"{'language': 'en', 'value': 'SBY'}"
TrySutrisno,"{'language': 'en', 'value': 'Try Soetrisno'}"
JusufKalla,"{'language': 'en', 'value': 'Muhammad Jusuf Kalla'}"
JusufKalla,"{'language': 'en', 'value': 'JK'}"
AnwarTjokroaminoto,"{'language': 'en', 'value': 'Oetaryo Anwar Tjokroaminoto'}"
AnwarTjokroaminoto,"{'language': 'en', 'value': 'Oetarjo Anwar Tjokroaminoto'}"
MohammadNatsir,"{'language': 'en', 'value': 'Mohammad Natsir bin Idris Sutan Saripado'}"
MohammadNatsir,"{'language': 'en', 'value': 'M. Natsir'}"
MohammadNatsir,"{'language': 'en', 'value': 'Muhammad Natsir'}"
HamengkubuwanaIX,"{'language': 'en', 'value': 'Hamengkubawana IX'}"
HamengkubuwanaIX,"{'language': 'en', 'value': 'HB IX'}"
HamengkubuwanaIX,"{'language': 'en', 'value': 'Gusti Raden Mas Dorodjatun'}"
HamengkubuwanaIX,"{'language': 'en', 'value': 'GRM Dorodjatun'}"
HamengkubuwanaIX,"{'language': 'en', 'value': 'Hamengku Buwono IX'}"
IwaKoesoemasoemantri,"{'language': 'en', 'value': 'Kusuma Sumantri'}"
Soemitro,"{'language': 'en', 'value': 'Sumitro Djojohadikusumo'}"
Mar'ieMuhammad,"{'language': 'en', 'value': 'Marie Muhammad'}"
TandionoManu,"{'language': 'en', 'value': 'Former Minister of Agriculture'}"
RogérioLobato,"{'language': 'en', 'value': 'Rogerio Tiago Lobato'}"
RogérioLobato,"{'language': 'en', 'value': 'Rogerio Lobato'}"
MasTirtodarmoHaryono,"{'language': 'en', 'value': 'Mas Tirtodarmo Haryono'}"
Soebekti,"{'language': 'en', 'value': 'Subekti'}"
SetiadiReksoprodjo,"{'language': 'en', 'value': 'Ir. Setiadi Reksoprodjo'}"
BambangSoegeng,"{'language': 'en', 'value': 'Bambang Sugeng'}"
B.M.Diah,"{'language': 'en', 'value': 'Burhanuddin Mohammad Diah'}"
B.M.Diah,"{'language': 'en', 'value': 'B.M. Diah'}"
JoséAbílioOsórioSoares,"{'language': 'en', 'value': 'Jose Abilio Osorio Soares'}"
FranciscoGuterres,"{'language': 'en', 'value': 'Lú-Olo'}"
FranciscoGuterres,"{'language': 'en', 'value': 'Lu-Olo'}"
RoeslanAbdulgani,"{'language': 'en', 'value': 'Roeslan Abdulgani'}"
AbdulHakimHarahap,"{'language': 'en', 'value': 'Abdul Hakim Harahap'}"
Mudjono,"{'language': 'en', 'value': 'Moedjono'}"
MohammadSadli,"{'language': 'en', 'value': 'Mohammad Sadli'}"
MuktiAli,"{'language': 'en', 'value': 'Abdul Mukti Ali'}"
ArnoldAchmadBaramuli,"{'language': 'en', 'value': 'Achmad Arnold Baramuli'}"
Sudomo,"{'language': 'en', 'value': 'Muhammad Sudomo'}"
Wongsonegoro,"{'language': 'en', 'value': 'Kanjeng Raden Mas Tumenggung Wongsonegoro'}"
YosSudarso,"{'language': 'en', 'value': 'Yos Sudarso'}"
YosSudarso,"{'language': 'en', 'value': 'Kolepon'}"
YosSudarso,"{'language': 'en', 'value': 'Dolok Island'}"
YosSudarso,"{'language': 'en', 'value': 'Frederik Hendrik Island'}"
YosSudarso,"{'language': 'en', 'value': 'Jos-Sudarso'}"
YosSudarso,"{'language': 'en', 'value': 'Kimaam Island'}"
Suwiryo,"{'language': 'en', 'value': 'Raden Suwiryo'}"
JennyShipley,"{'language': 'en', 'value': 'Jennifer Mary Shipley'}"
JennyShipley,"{'language': 'en', 'value': 'Dame Jennifer Mary Shipley'}"
JennyShipley,"{'language': 'en', 'value': 'Jennifer Mary Robson'}"
JennyShipley,"{'language': 'en', 'value': 'Dame Jenny Shipley'}"
JennyShipley,"{'language': 'en', 'value': 'Dame Jennifer Shipley'}"
JennyShipley,"{'language': 'en', 'value': 'Jennifer Robson'}"
JennyShipley,"{'language': 'en', 'value': 'Jenny Robson'}"
JennyShipley,"{'language': 'en', 'value': 'Jennifer Shipley'}"
JennyShipley,"{'language': 'en', 'value': 'The Honourable Jennifer Mary Shipley'}"
ChaerulSaleh,"{'language': 'en', 'value': 'Chairul Saleh Dt Paduko Rajo'}"
JacobSalatun,"{'language': 'en', 'value': 'Raden Jacob Salatun'}"
G.A.Siwabessy,"{'language': 'en', 'value': 'Gerrit Augustinus Siwabessy'}"
B.J.Habibie,"{'language': 'en', 'value': 'B. J. Habibie'}"
B.J.Habibie,"{'language': 'en', 'value': 'Habibie'}"
B.J.Habibie,"{'language': 'en', 'value': 'B.J. Habibie'}"
B.J.Habibie,"{'language': 'en', 'value': 'BJ Habibie'}"
Soekarno,"{'language': 'en', 'value': 'Ahmad Soekarno'}"
Soekarno,"{'language': 'en', 'value': 'Achmad Sukharno'}"
Soekarno,"{'language': 'en', 'value': 'Bung Karno'}"
Soekarno,"{'language': 'en', 'value': 'Achmad Sukarno'}"
Soekarno,"{'language': 'en', 'value': 'Achmad Soekarno'}"
Soekarno,"{'language': 'en', 'value': 'Ahmed Sukharno'}"
Soekarno,"{'language': 'en', 'value': 'Ahmad Sukarno'}"
Soekarno,"{'language': 'en', 'value': 'Koesno Sosrodihardjo'}"
Soekarno,"{'language': 'en', 'value': 'Ahmad Sukharno'}"
Soekarno,"{'language': 'en', 'value': 'Kusno Sosrodihardjo'}"
Soekarno,"{'language': 'en', 'value': 'Ahmed Sukarno'}"
Soekarno,"{'language': 'en', 'value': 'Soekarno'}"
Soekarno,"{'language': 'en', 'value': 'Ahmed Soekarno'}"
HelenClark,"{'language': 'en', 'value': 'Helen Elizabeth Clark'}"
HelenClark,"{'language': 'en', 'value': 'The Right Honourable Helen Elizabeth Clark'}"
HelenClark,"{'language': 'en', 'value': 'Helen E. Clark'}"
JoseAbilioOsorioSoares,"{'language': 'en', 'value': 'Jose Abilio Osorio Soares'}"
ManueldeSousa,"{'language': 'en', 'value': 'Manuel Jorge Neves Moreira de Sousa'}"
ManueldeSousa,"{'language': 'en', 'value': 'Jorge Sousa'}"
CareyAdamson,"{'language': 'en', 'value': 'Carey William Adamson'}"
SergioVieiradeMello,"{'language': 'en', 'value': 'Sergio Vieira de Mello'}"
SergioVieiradeMello,"{'language': 'en', 'value': 'Sergio Vieira de Mello Center'}"
JohnHoward,"{'language': 'en', 'value': 'John Winston Howard'}"
JohnHoward,"{'language': 'en', 'value': 'The Honourable John Howard'}"
MuzakirManaf,"{'language': 'en', 'value': 'Muzakir Manaf'}"
MustaphaHarun,"{'language': 'en', 'value': 'Tun Datu Haji Mustapha bin Datu Harun'}"
MustaphaHarun,"{'language': 'en', 'value': 'Tun Mustapha'}"
MustaphaHarun,"{'language': 'en', 'value': 'Datu Mustapha bin Datu Harun'}"
D.N.Aidit,"{'language': 'en', 'value': 'Aidit'}"
SusiloYudhoyono,"{'language': 'en', 'value': 'SBY'}"
LeeKuanYew,"{'language': 'en', 'value': 'LKY'}"
LeeKuanYew,"{'language': 'en', 'value': 'Harry Lee'}"
LeeKuanYew,"{'language': 'en', 'value': 'MM Lee'}"
LeeKuanYew,"{'language': 'en', 'value': 'Li Guangyao'}"
GoliathTabuni,"{'language': 'en', 'value': 'Goliath Namaan Tabuni'}"
A.M.Azahari,"{'language': 'en', 'value': 'Sheikh Azahari bin Sheikh Mahmud'}"
JokoWidodo,"{'language': 'en', 'value': 'Mulyono'}"
JokoWidodo,"{'language': 'en', 'value': 'Jokowi'}"
AbdurrahmanWahid,"{'language': 'en', 'value': 'Gus Dur'}"
RogerioLobato,"{'language': 'en', 'value': 'Rogerio Tiago Lobato'}"
RogerioLobato,"{'language': 'en', 'value': 'Rogerio Lobato'}"
MuhammadJusuf,"{'language': 'en', 'value': 'Muhammad Jusuf'}"
MariAlkatiri,"{'language': 'en', 'value': 'Mari bin Amude Alkatiri'}"
XananaGusmao,"{'language': 'en', 'value': 'Kay Rala Xanana Gusmão'}"
XananaGusmao,"{'language': 'en', 'value': 'José Alexandre Gusmão'}"
ZainalAbidinIshak,"{'language': 'en', 'value': 'H. Zainal Abidin Ishak'}"
HaroldWilson,"{'language': 'en', 'value': 'James Harold Wilson'}"
HaroldWilson,"{'language': 'en', 'value': 'James Harold Wilson, Baron Wilson of Rievaulx'}"
Suharto,"{'language': 'en', 'value': 'The Smiling General'}"
Suharto,"{'language': 'en', 'value': 'Muhammad Suharto'}"
Suharto,"{'language': 'en', 'value': 'President Soeharto'}"
HasandiTiro,"{'language': 'en', 'value': 'Hasan Muhammad di Tiro'}"
LuhutBinsarPandjaitan,"{'language': 'en', 'value': 'Luhut Binsar Pandjaitan'}"
LuhutBinsarPandjaitan,"{'language': 'en', 'value': 'Luhut Panjaitan'}"
LuhutBinsarPandjaitan,"{'language': 'en', 'value': 'H.E. Luhut Panjaitan'}"
LuhutBinsarPandjaitan,"{'language': 'en', 'value': 'Jenderal TNI (Purn.) Luhut Binsar Pandjaitan'}"
LuhutBinsarPandjaitan,"{'language': 'en', 'value': 'Luhut B. Pandjaitan'}"
LuhutBinsarPandjaitan,"{'language': 'en', 'value': 'His Excellency Luhut Binsar Pandjaitan'}"
LuhutBinsarPandjaitan,"{'language': 'en', 'value': 'Minister Luhut Binsar Pandjaitan'}"
LuhutBinsarPandjaitan,"{'language': 'en', 'value': 'Luhut Binsar Pandjaitan, M.P.A.'}"
LuhutBinsarPandjaitan,"{'language': 'en', 'value': 'H.E. Mr. Luhut Binsar Panjaitan'}"
LuhutBinsarPandjaitan,"{'language': 'en', 'value': 'Luhut Pandjaitan'}"
TunkuOsman,"{'language': 'en', 'value': 'Tunku Tan Sri Osman ibni Almarhum Tunku Temenggung Tunku Datuk Seri Mohammad Jewa'}"
TunkuOsman,"{'language': 'en', 'value': 'Tunku Tan Sri Osman'}"
OmarAliSaifuddienIII,"{'language': 'en', 'value': 'Sultan Haji Omar Ali Saifuddin III'}"
TuankuSyedPutra,"{'language': 'en', 'value': 'Tuanku Syed Harun Putra ibni Almarhum Syed Hassan Jamalullail'}"
A.H.Nasution,"{'language': 'en', 'value': 'A.H. Nasution'}"
A.H.Nasution,"{'language': 'en', 'value': 'AH Nasution'}"
A.H.Nasution,"{'language': 'en', 'value': 'Pak Nas'}"
AlecDouglas-Home,"{'language': 'en', 'value': 'Lord Home'}"
AlecDouglas-Home,"{'language': 'en', 'value': 'Sir Alec Douglas-Home'}"
AlecDouglas-Home,"{'language': 'en', 'value': 'Alexander Frederick Douglas-Home'}"
AlecDouglas-Home,"{'language': 'en', 'value': 'Home of the Hirsel'}"
AlecDouglas-Home,"{'language': 'en', 'value': 'Alec Douglas-Home, Baron Home of the Hirsel'}"
AlecDouglas-Home,"{'language': 'en', 'value': 'Alexander Douglas-Home, Baron Home of the Hirsel'}"
AlecDouglas-Home,"{'language': 'en', 'value': 'Alexander Frederick Douglas-Home, Baron Home of the Hirsel'}"
AlecDouglas-Home,"{'language': 'en', 'value': 'Alec Douglas-Home, Lord Home of the Hirsel'}"
AlecDouglas-Home,"{'language': 'en', 'value': 'Alexander Douglas-Home, Lord Home of the Hirsel'}"
AlecDouglas-Home,"{'language': 'en', 'value': 'Alexander Frederick Douglas-Home, Lord Home of the Hirsel'}"
AlecDouglas-Home,"{'language': 'en', 'value': 'Alec Home'}"
AlecDouglas-Home,"{'language': 'en', 'value': 'Alexander Home'}"
AlecDouglas-Home,"{'language': 'en', 'value': 'Alec Douglas-Home, Lord Dunglass'}"
AlecDouglas-Home,"{'language': 'en', 'value': 'Alexander Douglas-Home, Lord Dunglass'}"
AlecDouglas-Home,"{'language': 'en', 'value': 'Alexander Frederick Douglas-Home, Lord Dunglass'}"
AlecDouglas-Home,"{'language': 'en', 'value': 'Alec Dunglass'}"
AlecDouglas-Home,"{'language': 'en', 'value': 'Alexander Dunglass'}"
AlecDouglas-Home,"{'language': 'en', 'value': 'Alec Douglas-Home, 14th Earl of Home'}"
AlecDouglas-Home,"{'language': 'en', 'value': 'Alexander Douglas-Home, 14th Earl of Home'}"
AlecDouglas-Home,"{'language': 'en', 'value': 'Alexander Frederick Douglas-Home, 14th Earl of Home'}"
HasanDiTiro,"{'language': 'en', 'value': 'Hasan Muhammad di Tiro'}"
MegawatiSukarnoputri,"{'language': 'en', 'value': 'Ibu Mega'}"
MegawatiSukarnoputri,"{'language': 'en', 'value': 'Diah Permata Megawati Setiawati Sukarnoputri'}"
MegawatiSukarnoputri,"{'language': 'en', 'value': 'Megawati Sukarnoputri'}"
MegawatiSukarnoputri,"{'language': 'en', 'value': 'Mbak Mega'}"
MegawatiSukarnoputri,"{'language': 'en', 'value': 'Megawati Taufik Kiemas'}"
MegawatiSukarnoputri,"{'language': 'en', 'value': 'H.E. Ms. Megawati Soekarno Putri'}"
TunkuAbdulRahman,"{'language': 'en', 'value': 'Tunku Abdul Rahman Putra Al-Haj ibni Almarhum Sultan Abdul Hamid Halim Shah'}"
TunkuAbdulRahman,"{'language': 'en', 'value': 'Abdul Rahman Putra Al-Haj ibni Almarhum Sultan Abdul Hamid Halim Shah'}"
HaroldMacmillan,"{'language': 'en', 'value': 'Maurice Harold Macmillan'}"
HaroldMacmillan,"{'language': 'en', 'value': 'Lord Stockton'}"
HaroldMacmillan,"{'language': 'en', 'value': 'Earl of Stockton'}"
HaroldMacmillan,"{'language': 'en', 'value': '1st Earl of Stockton'}"
HaroldMacmillan,"{'language': 'en', 'value': 'Supermac'}"
AbdulRazakHussein,"{'language': 'en', 'value': 'Tun Abdul Razak'}"
AbdulRazakHussein,"{'language': 'en', 'value': 'Abdul Razak'}"
Mollinger,"{'language': 'en', 'value': 'Gerrit Alexander Godart Filip Mollinger'}"
Mollinger,"{'language': 'en', 'value': 'Gerrit Alexander Godart Philip Mollinger'}"
Mollinger,"{'language': 'en', 'value': 'Mollinger'}"
Mollinger,"{'language': 'en', 'value': 'Gerrit Mollinger'}"
Mollinger,"{'language': 'en', 'value': 'Godard Alexander Gerrit Philip Mollinger'}"
MangkunegaraVIII,"{'language': 'en', 'value': 'Sri Paduka Kanjeng Gusti Pangeran Adipati Arya Mangkunegaran VIII'}"
MangkunegaraVIII,"{'language': 'en', 'value': 'Kanjeng Gusti Pangeran Adipati Arya Mangkunagara VIII'}"
MangkunegaraVIII,"{'language': 'en', 'value': 'Kanjeng Gusti Pangeran Adipati Arya Mangkunegara VIII'}"
PakubuwanaXII,"{'language': 'en', 'value': 'Pakubuwana XII'}"
PakubuwanaXII,"{'language': 'en', 'value': 'Paku Buwono XII'}"
PakubuwanaXII,"{'language': 'en', 'value': 'Paku Buwana XII'}"
PakubuwanaXII,"{'language': 'en', 'value': 'Pakoeboewono XII van Soerakarta'}"
WilhelminadariBelanda,"{'language': 'en', 'value': 'Queen Wilhelmina'}"
WilhelminadariBelanda,"{'language': 'en', 'value': 'Queen Wilhelmina of the Netherlands'}"
WilhelminadariBelanda,"{'language': 'en', 'value': 'Princess Wilhelmina of the Netherlands'}"
WilhelminadariBelanda,"{'language': 'en', 'value': 'Wilhelmina'}"
WilhelminadariBelanda,"{'language': 'en', 'value': 'Princess Wilhelmina of The Netherlands'}"
WilhelminadariBelanda,"{'language': 'en', 'value': 'Wilhelmina I'}"
SyarifHamidIIdariPontianak,"{'language': 'en', 'value': 'Sultan Hamid II'}"
SyarifHamidIIdariPontianak,"{'language': 'en', 'value': 'Sjarif Hamid Alkadri'}"
JulianadariBelanda,"{'language': 'en', 'value': 'Queen Juliana'}"
JulianadariBelanda,"{'language': 'en', 'value': 'Queen Juliana of the Netherlands'}"
JulianadariBelanda,"{'language': 'en', 'value': 'Juliana I of the Netherlands'}"
JulianadariBelanda,"{'language': 'en', 'value': 'Juliana Louise Emma Marie Wilhelmina'}"
JulianadariBelanda,"{'language': 'en', 'value': 'Juliana der Nederlanden'}"
JulianadariBelanda,"{'language': 'en', 'value': 'Princess Juliana of the Netherlands'}"
JulianadariBelanda,"{'language': 'en', 'value': 'Queen Juliana Louise Emma Marie Wilhelmina of the Netherlands'}"
JulianadariBelanda,"{'language': 'en', 'value': 'Juliana Louise Emma Marie Wilhelmina of the Netherlands'}"
JulianadariBelanda,"{'language': 'en', 'value': 'Princess Juliana Louise Emma Marie Wilhelmina of the Netherlands'}"
JulianadariBelanda,"{'language': 'en', 'value': 'Julijana'}"
SimonSpoor,"{'language': 'en', 'value': 'Simon Spoor'}"
TjokordaGdeRakaSoekawati,"{'language': 'en', 'value': 'Cokorde Gde Rake Sukawati'}"
TjokordaGdeRakaSoekawati,"{'language': 'en', 'value': 'Tjokorda Gdé Raka Sukewati'}"
Soedirman,"{'language': 'en', 'value': 'Soedirman'}"
Soedirman,"{'language': 'en', 'value': 'Si Kaji'}"
Soedirman,"{'language': 'en', 'value': 'Sang Jenderal'}"
Soedirman,"{'language': 'en', 'value': 'Panglima Besar'}"
Soedirman,"{'language': 'en', 'value': 'Jenderal Besar'}"
Soedirman,"{'language': 'en', 'value': 'Panglima di antara Panglima'}"
Soedirman,"{'language': 'en', 'value': 'Generalissimo'}"
LoaSekHie,"{'language': 'en', 'value': 'Loa Sek Hie Sia'}"
MoehammadJasin,"{'language': 'en', 'value': 'Komjen Pol. (Purn) DR. H. M. Jasin'}"
MoehammadJasin,"{'language': 'en', 'value': 'Moehammad Jasin'}"
MoehammadJasin,"{'language': 'en', 'value': 'M. Jasin'}"
SutanSjahrir,"{'language': 'en', 'value': 'Sutan Syahrir'}"
SutanSjahrir,"{'language': 'en', 'value': 'Bung Kecil'}"
SutanSjahrir,"{'language': 'en', 'value': 'Sang Kancil'}"
SutanSjahrir,"{'language': 'en', 'value': 'S. Sjahrir'}"
SyafruddinPrawiranegara,"{'language': 'en', 'value': 'Syafruddin Prawiranegara'}"
RaymondWesterling,"{'language': 'en', 'value': 'Raymond Pierre Paul Westerling'}"
Sutomo,"{'language': 'en', 'value': 'Bung Tomo'}"
Sutomo,"{'language': 'en', 'value': 'Soetomo'}"
MohammadHatta,"{'language': 'en', 'value': 'Bung Hatta'}"
MohammadHatta,"{'language': 'en', 'value': 'Hatta'}"
MohammadHatta,"{'language': 'en', 'value': 'Moh Hatta'}"
MohammadHatta,"{'language': 'en', 'value': 'M Hatta'}"
MohammadHatta,"{'language': 'en', 'value': 'Muhammad Hatta'}"
MohammadHatta,"{'language': 'en', 'value': 'Moch Hatta'}"
MohammadHatta,"{'language': 'en', 'value': 'M. Hatta'}"
MohammadHatta,"{'language': 'en', 'value': 'Muh Hatta'}"
MohammadHatta,"{'language': 'en', 'value': 'Moh. Hatta'}"
MohammadHatta,"{'language': 'en', 'value': 'Mohammed Hatta'}"
ConradHelfrich,"{'language': 'en', 'value': 'Conrad Helfrich'}"
RobertMansergh,"{'language': 'en', 'value': 'Lieutenant-General Sir Robert Mansergh'}"
SekarmadjiMaridjanKartosoewirjo,"{'language': 'en', 'value': 'Soekarmadji Maridjan Kartosuwiryo'}"
PhilipChristison,"{'language': 'en', 'value': 'Sir Alexander Frank Philip Christison, 4th Baronet'}"
PhilipChristison,"{'language': 'en', 'value': 'Philip Christison'}"
AbdulkadirWidjojoatmodjo,"{'language': 'en', 'value': 'Raden Abdulkadir Widjojoatmodjo'}"
AmirSjarifoeddin,"{'language': 'en', 'value': 'Amir Sjarifuddin Harahap'}"
JuliusTahija,"{'language': 'en', 'value': 'Julius Tahya'}"
LouisMountbatten,"{'language': 'en', 'value': 'The Earl Mountbatten of Burma'}"
LouisMountbatten,"{'language': 'en', 'value': 'Prince Louis of Battenberg'}"
LouisMountbatten,"{'language': 'en', 'value': 'Louis Francis Albert Victor Nicholas Mountbatten, 1st Earl Mountbatten of Burma'}"
LouisMountbatten,"{'language': 'en', 'value': 'Adm. Louis Francis Albert Victor Nicholas George Mountbatten'}"
LouisMountbatten,"{'language': 'en', 'value': 'Lord Louis Mountbatten'}"
LouisMountbatten,"{'language': 'en', 'value': 'Louis Mountbatten'}"
DirkReinhardAdelbertvanLangen,"{'language': 'en', 'value': 'Dirk Reinhard Adelbert van Langen'}"
DirkReinhardAdelbertvanLangen,"{'language': 'en', 'value': 'D.R.A. van Langen'}"
DaanMogot,"{'language': 'en', 'value': 'Major Daniel Elias Mogot'}"
ThomasC.Hart,"{'language': 'en', 'value': 'Thomas Charles Hart'}"
"ArchibaldWavell,1stEarlWavell","{'language': 'en', 'value': 'Field Marshal Archibald Percival Wavell, 1st Earl Wavell'}"
"ArchibaldWavell,1stEarlWavell","{'language': 'en', 'value': 'Archibald Percival Wavell'}"
KarelDoorman,"{'language': 'en', 'value': 'Karel Willem Frederik Marie Doorman'}"
IbōTakahashi,"{'language': 'en', 'value': 'Ibo Takahashi'}"
IbōTakahashi,"{'language': 'en', 'value': 'Ibou Takahashi'}"
RichardPeirse,"{'language': 'en', 'value': 'Richard Edmund Charles Peirse'}"
ShojiNishimura,"{'language': 'en', 'value': 'Shoji Nishimura'}"
ShojiNishimura,"{'language': 'en', 'value': 'Shouji Nishimura'}"
NobutakeKondō,"{'language': 'en', 'value': 'Nobutake Kondo'}"
NobutakeKondō,"{'language': 'en', 'value': 'Nobutake Kondou'}"
JisaburoOzawa,"{'language': 'en', 'value': 'Jisaburo Ozawa'}"
JisaburoOzawa,"{'language': 'en', 'value': 'Jisaburou Ozawa'}"
AlidiusTjardavanStarkenborghStachouwer,"{'language': 'en', 'value': 'Tjarda van Starkenborgh Stachouwer'}"
AlidiusTjardavanStarkenborghStachouwer,"{'language': 'en', 'value': 'Alidius Warmoldus Lambertus Tjarda van Starkenborgh Stachouwer'}"
DaudBeureu'eh,"{'language': 'en', 'value': 'Teungku Daud Beureueh'}"
DaudBeureu'eh,"{'language': 'en', 'value': 'Teungku Mohammad Daud Beureueh'}"
AdamB.B.,"{'language': 'en', 'value': 'Adam Balai-Balai'}"
AdamB.B.,"{'language': 'en', 'value': 'Mak Adam'}"
IsmaelLengah,"{'language': 'en', 'value': 'Ismail Lengah'}"
Assaat,"{'language': 'en', 'value': 'Assaat Datuk Mudo'}"
ThomasKinkaid,"{'language': 'en', 'value': 'Thomas C. Kinkaid'}"
Meyer,"{'language': 'en', 'value': 'Meyer (surname)'}"
VentjeSumual,"{'language': 'en', 'value': 'Herman Nicolas Ventje Sumual'}"
Nagatani,"{'language': 'en', 'value': '永谷'}"
BabaMasao,"{'language': 'en', 'value': 'Baba Masao'}"
DouglasMacArthur,"{'language': 'en', 'value': 'General Douglas MacArthur'}"
DouglasMacArthur,"{'language': 'en', 'value': 'General MacArthur'}"
DouglasMacArthur,"{'language': 'en', 'value': 'D. MacArthur'}"
JaminGinting,"{'language': 'en', 'value': 'Jamin Ginting Suka'}"
JaminGinting,"{'language': 'en', 'value': 'Jamin Gintings'}"
JaminGinting,"{'language': 'en', 'value': 'Djamin Ginting'}"
JaminGinting,"{'language': 'en', 'value': 'Djamin Ginting Suka'}"
JaminGinting,"{'language': 'en', 'value': 'Djamin Gintings'}"
IGustiNgurahRai,"{'language': 'en', 'value': 'Ngurah Rai'}"
JohannesBenedictusvanHeutsz,"{'language': 'en', 'value': 'J.B. van Heutsz'}"
JohannesBenedictusvanHeutsz,"{'language': 'en', 'value': 'Johannes Benedictus van Heutsz'}"
JohannesBenedictusvanHeutsz,"{'language': 'en', 'value': '""Pacificator of Aceh""'}"
JohannesBenedictusvanHeutsz,"{'language': 'en', 'value': 'Joannes Benedictus van Heutsz'}"
JohannesBenedictusvanHeutsz,"{'language': 'en', 'value': 'Jo van Heutsz'}"
JohanKöhler,"{'language': 'en', 'value': 'Johan Harmen Rudolf Köhler'}"
Gaoxing,"{'language': 'en', 'value': 'Gaoxing'}"
HermanWillemDaendels,"{'language': 'en', 'value': 'Mr. Herman Willem Daendels'}"
HamengkubuwanaII,"{'language': 'en', 'value': 'HB II'}"
HamengkubuwanaII,"{'language': 'en', 'value': 'Hamengkubuwana II'}"
HamengkubuwanaII,"{'language': 'en', 'value': 'Gusti Raden Mas Sundara'}"
HamengkubuwanaII,"{'language': 'en', 'value': 'Hamengku Buwono II'}"
HamengkubuwanaII,"{'language': 'en', 'value': 'Sri Sultan Sepuh Yogyakarta Hamengku Buwono II'}"
dr.Kariadi,"{'language': 'en', 'value': 'Rumah Sakit Umum Pusat Dr. Kariadi'}"
dr.Kariadi,"{'language': 'en', 'value': 'RSUP. Dr. Kariadi'}"
SultanMahmudSyah,"{'language': 'en', 'value': 'Mahmud Shah of Malacca'}"
CutNyakDhien,"{'language': 'en', 'value': 'Tjut Njak Dhien'}"
CutNyakDhien,"{'language': 'en', 'value': 'Cut Nyak Dien'}"
CutNyakDhien,"{'language': 'en', 'value': 'Queen of Aceh'}"
CutNyakDhien,"{'language': 'en', 'value': 'Tjoet Nja Dinh'}"
TeukuUmar,"{'language': 'en', 'value': 'Teukoe Oemar'}"
SultanMuhammadDaudSyah,"{'language': 'en', 'value': ""Sultan Alauddin Muhammad Da'ud Syah Johan Berdaulat""}"
SultanMuhammadDaudSyah,"{'language': 'en', 'value': 'Alauddin Muhammad Daud Syah'}"
TeukuBenMahmud,"{'language': 'en', 'value': 'Teukoe Bin Mahmoet'}"
TeukuBenMahmud,"{'language': 'en', 'value': 'Teukoe Ben Mohammat'}"
TeukuBenMahmud,"{'language': 'en', 'value': 'Teukoe Ben Blang Pidië'}"
TuankuTambusai,"{'language': 'en', 'value': 'Muhammad Saleh'}"
TuankuTambusai,"{'language': 'en', 'value': 'Tuanku Muhammad Saleh'}"
TuankuRao,"{'language': 'en', 'value': 'Fakih Muhammad'}"
TuankuImamBonjol,"{'language': 'en', 'value': 'Tuanku Imam Bonjol'}"
TuankuPasaman,"{'language': 'en', 'value': 'Tuanku Pasaman'}"
TuankuPasaman,"{'language': 'en', 'value': 'Saidi Muning'}"
TuankuPasaman,"{'language': 'en', 'value': 'Saidi Moening'}"
Nambi,"{'language': 'en', 'value': 'Nambi'}"
Nambi,"{'language': 'en', 'value': 'SMAN 69 Jakarta'}"
Nambi,"{'language': 'en', 'value': 'SMA 69 Jakarta'}"
Sora,"{'language': 'en', 'value': 'Sora, Lazio'}"
Sora,"{'language': 'en', 'value': 'Sora, Italy'}"
NyiAgengSerang,"{'language': 'en', 'value': 'Kustiyah Wulaningsih Retno Edhi'}"
SentotPrawirodirdjo,"{'language': 'en', 'value': 'Sentot Alibasa'}"
SentotPrawirodirdjo,"{'language': 'en', 'value': 'Sentot Alibasa Abdul Mustafa Prawirodirdjo'}"
SentotPrawirodirdjo,"{'language': 'en', 'value': 'Abdul Mustopo Prawirodirdjo'}"
SentotPrawirodirdjo,"{'language': 'en', 'value': 'Sentot Alibasyah'}"
SentotPrawirodirdjo,"{'language': 'en', 'value': 'Sentot Ali Pasha'}"
MangkunegaraII,"{'language': 'en', 'value': 'Raden Mas Sulomo'}"
MangkunegaraII,"{'language': 'en', 'value': 'Kanjeng Gusti Pangeran Adipati Arya Mangkunegara II'}"
MangkunegaraII,"{'language': 'en', 'value': 'Pangeran Adipati Prangwadana'}"
MangkunegaraII,"{'language': 'en', 'value': 'KGPAA Mangkoenagoro II'}"
RobertRolloGillespie,"{'language': 'en', 'value': 'Sir Robert Rollo Gillespie'}"
RobertRolloGillespie,"{'language': 'en', 'value': 'Rollo Gillespie'}"
RobertRolloGillespie,"{'language': 'en', 'value': 'Lieut.-Col. Robert Rollo Gillespie'}"
RobertRolloGillespie,"{'language': 'en', 'value': 'Hugh Robert Rollo Gillespie'}"
RobertRolloGillespie,"{'language': 'en', 'value': 'Maj.-Gen. Hugh Robert Rollo Gillespie'}"
JohnCrawfurd,"{'language': 'en', 'value': 'Dr John Crawfurd'}"
ThomasStamfordRaffles,"{'language': 'en', 'value': 'Thomas Stamford Bingley Raffles'}"
ThomasStamfordRaffles,"{'language': 'en', 'value': 'Lai-fo-shih'}"
ThomasStamfordRaffles,"{'language': 'en', 'value': 'Sir Thomas Stamford Raffles'}"
ThomasStamfordRaffles,"{'language': 'en', 'value': 'Thomas Stamford, Sir Raffles'}"
ThomasStamfordRaffles,"{'language': 'en', 'value': 'Stamford, Sir Raffles'}"
ThomasStamfordRaffles,"{'language': 'en', 'value': 'Raffles'}"
ThomasStamfordRaffles,"{'language': 'en', 'value': 'Sir Thomas Stamford Bingley Raffles'}"
ThomasStamfordRaffles,"{'language': 'en', 'value': 'Stamford Raffles'}"
PakubuwonoII,"{'language': 'en', 'value': 'Pakubuwana II'}"
PakubuwonoII,"{'language': 'en', 'value': 'Paku Buwana II'}"
PakubuwonoII,"{'language': 'en', 'value': 'Paku Buwono II'}"
PakubuwanaVI,"{'language': 'en', 'value': 'Pakubuwana VI'}"
PakubuwanaVI,"{'language': 'en', 'value': 'Paku Buwono VI'}"
PakubuwanaVI,"{'language': 'en', 'value': 'Paku Buwana VI'}"
PakubuwanaVI,"{'language': 'en', 'value': 'Pakubuwono VI, Sri Susuhunan'}"
KiaiMadja,"{'language': 'en', 'value': 'Kiai Mojo'}"
KiaiMadja,"{'language': 'en', 'value': 'Kyai Modjo'}"
KiaiMadja,"{'language': 'en', 'value': 'Kiai Madja'}"
KiaiMadja,"{'language': 'en', 'value': 'Kiai Modjo'}"
Diponegoro,"{'language': 'en', 'value': 'Pangeran Diponegoro'}"
Diponegoro,"{'language': 'en', 'value': 'Prince Diponegoro'}"
Diponegoro,"{'language': 'en', 'value': 'Dipanegara'}"
Diponegoro,"{'language': 'en', 'value': 'Raden Mas Ontowiryo'}"
Diponegoro,"{'language': 'en', 'value': 'Diponegoro of Yogyakarta'}"
Diponegoro,"{'language': 'en', 'value': 'Prince Dipanegara'}"
Diponegoro,"{'language': 'en', 'value': 'Dipanagara'}"
KubilaiKhan,"{'language': 'en', 'value': 'IMO 8913722'}"
RadenWijaya,"{'language': 'en', 'value': 'Kertarajasa Jayawardhana'}"
Indonesia,"{'language': 'en', 'value': 'Republic of Indonesia'}"
Indonesia,"{'language': 'en', 'value': 'id'}"
Indonesia,"{'language': 'en', 'value': 'ID'}"
Indonesia,"{'language': 'en', 'value': 'INA'}"
Indonesia,"{'language': 'en', 'value': 'IDN'}"
PapuaNugini,"{'language': 'en', 'value': 'Independent State of Papua New Guinea'}"
PapuaNugini,"{'language': 'en', 'value': 'PNG'}"
PapuaNugini,"{'language': 'en', 'value': 'pg'}"
PapuaNugini,"{'language': 'en', 'value': '🇵🇬'}"
Sambas,"{'language': 'en', 'value': 'Kabupaten Sambas'}"
Sambas,"{'language': 'en', 'value': 'Sambas Regency'}"
Aceh,"{'language': 'en', 'value': 'Nanggroe Aceh Darussalam'}"
Aceh,"{'language': 'en', 'value': 'Provinsi Aceh'}"
Aceh,"{'language': 'en', 'value': 'Aceh Province'}"
SemenanjungMalaka,"{'language': 'en', 'value': 'Kra Peninsula'}"
SemenanjungMalaka,"{'language': 'en', 'value': 'Malacca Peninsula'}"
Papua,"{'language': 'en', 'value': 'Papua Province'}"
Mapenduma,"{'language': 'en', 'value': 'Mapenduma District'}"
TimorLeste,"{'language': 'en', 'value': 'Democratic Republic of Timor-Leste'}"
TimorLeste,"{'language': 'en', 'value': 'tl'}"
TimorLeste,"{'language': 'en', 'value': '🇹🇱'}"
TimorLeste,"{'language': 'en', 'value': 'Democratic Republic of East Timor'}"
TimorLeste,"{'language': 'en', 'value': 'TLS'}"
TimorLeste,"{'language': 'en', 'value': 'Timor Leste'}"
TimorLeste,"{'language': 'en', 'value': 'Timor-Leste'}"
Blitar,"{'language': 'en', 'value': 'Blitar City'}"
HindiaBelanda,"{'language': 'en', 'value': 'Netherlands East Indies'}"
HindiaBelanda,"{'language': 'en', 'value': 'Dutch Indies'}"
HindiaBelanda,"{'language': 'en', 'value': 'Nederlands-Indië'}"
HindiaBelanda,"{'language': 'en', 'value': 'Netherlands Indies'}"
HindiaBelanda,"{'language': 'en', 'value': 'Insulinde'}"
Kalimantan,"{'language': 'en', 'value': 'Kalimantan Island'}"
Kalimantan,"{'language': 'en', 'value': 'Klemantan'}"
Kalimantan,"{'language': 'en', 'value': 'Kalimantan island'}"
Kalimantan,"{'language': 'en', 'value': 'Pulau Kalimantan'}"
Kalimantan,"{'language': 'en', 'value': 'Kalimantan states'}"
Kalimantan,"{'language': 'en', 'value': 'Kalimantan States'}"
Sukabumi,"{'language': 'en', 'value': 'Municipality of Sukabumi'}"
Sukabumi,"{'language': 'en', 'value': 'Sukabumi Municipality'}"
Sukabumi,"{'language': 'en', 'value': 'City of Sukabumi'}"
Sukabumi,"{'language': 'en', 'value': 'Sukabumi City'}"
Surakarta,"{'language': 'en', 'value': 'Solo City'}"
Surakarta,"{'language': 'en', 'value': 'Soerakarta'}"
Surakarta,"{'language': 'en', 'value': 'Surakarta City'}"
"Padang,Indonesia","{'language': 'en', 'value': 'Kota Padang'}"
"Padang,Indonesia","{'language': 'en', 'value': 'Padang City'}"
